department_code,department_name,province_code,province_name,district_code,district_name,ubigeo
01,AMAZONAS,0101,CHACHAPOYAS,010101,CHACHAPOYAS,010101
01,AMAZONAS,0101,CHACHAPOYAS,010102,ASUNCION,010102
01,AMAZONAS,0101,CHACHAPOYAS,010103,BALSAS,010103
01,AMAZONAS,0101,CHACHAPOYAS,010104,CHETO,010104
01,AMAZONAS,0101,CHACHAPOYAS,010105,CHILIQUIN,010105
01,AMAZONAS,0101,CHACHAPOYAS,010106,CHUQUIBAMBA,010106
01,AMAZONAS,0101,CHACHAPOYAS,010107,GRANADA,010107
01,AMAZONAS,0101,CHACHAPOYAS,010108,HUANCAS,010108
01,AMAZONAS,0101,CHACHAPOYAS,010109,LA JALCA,010109
01,AMAZONAS,0101,CHACHAPOYAS,010110,LEIMEBAMBA,010110
01,AMAZONAS,0101,CHACHAPOYAS,010111,LEVANTO,010111
01,AMAZONAS,0101,CHACHAPOYAS,010112,MAGDALENA,010112
01,AMAZONAS,0101,CHACHAPOYAS,010113,MARISCAL CASTILLA,010113
01,AMAZONAS,0101,CHACHAPOYAS,010114,MOLINOPAMPA,010114
01,AMAZONAS,0101,CHACHAPOYAS,010115,MONTEVIDEO,010115
01,AMAZONAS,0101,CHACHAPOYAS,010116,OLLEROS,010116
01,AMAZONAS,0101,CHACHAPOYAS,010117,QUINJALCA,010117
01,AMAZONAS,0101,CHACHAPOYAS,010118,SAN FRANCISCO DE DAGUAS,010118
01,AMAZONAS,0101,CHACHAPOYAS,010119,SAN ISIDRO DE MAINO,010119
01,AMAZONAS,0101,CHACHAPOYAS,010120,SOLOCO,010120
01,AMAZONAS,0101,CHACHAPOYAS,010121,SONCHE,010121
01,AMAZONAS,0102,BAGUA,010201,BAGUA,010201
01,AMAZONAS,0102,BAGUA,010202,ARAMANGO,010202
01,AMAZONAS,0102,BAGUA,010203,COPALLIN,010203
01,AMAZONAS,0102,BAGUA,010204,EL PARCO,010204
01,AMAZONAS,0102,BAGUA,010205,IMAZA,010205
01,AMAZONAS,0102,BAGUA,010206,LA PECA,010206
01,AMAZONAS,0103,BONGARA,010301,JUMBILLA,010301
01,AMAZONAS,0103,BONGARA,010302,CHISQUILLA,010302
01,AMAZONAS,0103,BONGARA,010303,CHURUJA,010303
01,AMAZONAS,0103,BONGARA,010304,COROSHA,010304
01,AMAZONAS,0103,BONGARA,010305,CUISPES,010305
01,AMAZONAS,0103,BONGARA,010306,FLORIDA,010306
01,AMAZONAS,0103,BONGARA,010307,JAZAN,010307
01,AMAZONAS,0103,BONGARA,010308,RECTA,010308
01,AMAZONAS,0103,BONGARA,010309,SAN CARLOS,010309
01,AMAZONAS,0103,BONGARA,010310,SHIPASBAMBA,010310
01,AMAZONAS,0103,BONGARA,010311,VALERA,010311
01,AMAZONAS,0103,BONGARA,010312,YAMBRASBAMBA,010312
01,AMAZONAS,0104,CONDORCANQUI,010401,NIEVA,010401
01,AMAZONAS,0104,CONDORCANQUI,010402,EL CENEPA,010402
01,AMAZONAS,0104,CONDORCANQUI,010403,RIO SANTIAGO,010403
01,AMAZONAS,0105,LUYA,010501,LAMUD,010501
01,AMAZONAS,0105,LUYA,010502,CAMPORREDONDO,010502
01,AMAZONAS,0105,LUYA,010503,COCABAMBA,010503
01,AMAZONAS,0105,LUYA,010504,COLCAMAR,010504
01,AMAZONAS,0105,LUYA,010505,CONILA,010505
01,AMAZONAS,0105,LUYA,010506,INGUILPATA,010506
01,AMAZONAS,0105,LUYA,010507,LONGUITA,010507
01,AMAZONAS,0105,LUYA,010508,LONYA CHICO,010508
01,AMAZONAS,0105,LUYA,010509,LUYA,010509
01,AMAZONAS,0105,LUYA,010510,LUYA VIEJO,010510
01,AMAZONAS,0105,LUYA,010511,MARIA,010511
01,AMAZONAS,0105,LUYA,010512,OCALLI,010512
01,AMAZONAS,0105,LUYA,010513,OCUMAL,010513
01,AMAZONAS,0105,LUYA,010514,PISUQUIA,010514
01,AMAZONAS,0105,LUYA,010515,PROVIDENCIA,010515
01,AMAZONAS,0105,LUYA,010516,SAN CRISTOBAL,010516
01,AMAZONAS,0105,LUYA,010517,SAN FRANCISCO DEL YESO,010517
01,AMAZONAS,0105,LUYA,010518,SAN JERONIMO,010518
01,AMAZONAS,0105,LUYA,010519,SAN JUAN DE LOPECANCHA,010519
01,AMAZONAS,0105,LUYA,010520,SANTA CATALINA,010520
01,AMAZONAS,0105,LUYA,010521,SANTO TOMAS,010521
01,AMAZONAS,0105,LUYA,010522,TINGO,010522
01,AMAZONAS,0105,LUYA,010523,TRITA,010523
01,AMAZONAS,0106,RODRIGUEZ DE MENDOZA,010601,SAN NICOLAS,010601
01,AMAZONAS,0106,RODRIGUEZ DE MENDOZA,010602,CHIRIMOTO,010602
01,AMAZONAS,0106,RODRIGUEZ DE MENDOZA,010603,COCHAMAL,010603
01,AMAZONAS,0106,RODRIGUEZ DE MENDOZA,010604,HUAMBO,010604
01,AMAZONAS,0106,RODRIGUEZ DE MENDOZA,010605,LIMABAMBA,010605
01,AMAZONAS,0106,RODRIGUEZ DE MENDOZA,010606,LONGAR,010606
01,AMAZONAS,0106,RODRIGUEZ DE MENDOZA,010607,MARISCAL BENAVIDES,010607
01,AMAZONAS,0106,RODRIGUEZ DE MENDOZA,010608,MILPUC,010608
01,AMAZONAS,0106,RODRIGUEZ DE MENDOZA,010609,OMIA,010609
01,AMAZONAS,0106,RODRIGUEZ DE MENDOZA,010610,SANTA ROSA,010610
01,AMAZONAS,0106,RODRIGUEZ DE MENDOZA,010611,TOTORA,010611
01,AMAZONAS,0106,RODRIGUEZ DE MENDOZA,010612,VISTA ALEGRE,010612
01,AMAZONAS,0107,UTCUBAMBA,010701,BAGUA GRANDE,010701
01,AMAZONAS,0107,UTCUBAMBA,010702,CAJARURO,010702
01,AMAZONAS,0107,UTCUBAMBA,010703,CUMBA,010703
01,AMAZONAS,0107,UTCUBAMBA,010704,EL MILAGRO,010704
01,AMAZONAS,0107,UTCUBAMBA,010705,JAMALCA,010705
01,AMAZONAS,0107,UTCUBAMBA,010706,LONYA GRANDE,010706
01,AMAZONAS,0107,UTCUBAMBA,010707,YAMON,010707
02,ANCASH,0201,HUARAZ,020101,HUARAZ,020101
02,ANCASH,0201,HUARAZ,020102,COCHABAMBA,020102
02,ANCASH,0201,HUARAZ,020103,COLCABAMBA,020103
02,ANCASH,0201,HUARAZ,020104,HUANCHAY,020104
02,ANCASH,0201,HUARAZ,020105,INDEPENDENCIA,020105
02,ANCASH,0201,HUARAZ,020106,JANGAS,020106
02,ANCASH,0201,HUARAZ,020107,LA LIBERTAD,020107
02,ANCASH,0201,HUARAZ,020108,OLLEROS,020108
02,ANCASH,0201,HUARAZ,020109,PAMPAS GRANDE,020109
02,ANCASH,0201,HUARAZ,020110,PARIACOTO,020110
02,ANCASH,0201,HUARAZ,020111,PIRA,020111
02,ANCASH,0201,HUARAZ,020112,TARICA,020112
02,ANCASH,0202,AIJA,020201,AIJA,020201
02,ANCASH,0202,AIJA,020202,CORIS,020202
02,ANCASH,0202,AIJA,020203,HUACLLAN,020203
02,ANCASH,0202,AIJA,020204,LA MERCED,020204
02,ANCASH,0202,AIJA,020205,SUCCHA,020205
02,ANCASH,0203,ANTONIO RAYMONDI,020301,LLAMELLIN,020301
02,ANCASH,0203,ANTONIO RAYMONDI,020302,ACZO,020302
02,ANCASH,0203,ANTONIO RAYMONDI,020303,CHACCHO,020303
02,ANCASH,0203,ANTONIO RAYMONDI,020304,CHINGAS,020304
02,ANCASH,0203,ANTONIO RAYMONDI,020305,MIRGAS,020305
02,ANCASH,0203,ANTONIO RAYMONDI,020306,SAN JUAN DE RONTOY,020306
02,ANCASH,0204,ASUNCION,020401,CHACAS,020401
02,ANCASH,0204,ASUNCION,020402,ACOCHACA,020402
02,ANCASH,0205,BOLOGNESI,020501,CHIQUIAN,020501
02,ANCASH,0205,BOLOGNESI,020502,ABELARDO PARDO LEZAMETA,020502
02,ANCASH,0205,BOLOGNESI,020503,ANTONIO RAYMONDI,020503
02,ANCASH,0205,BOLOGNESI,020504,AQUIA,020504
02,ANCASH,0205,BOLOGNESI,020505,CAJACAY,020505
02,ANCASH,0205,BOLOGNESI,020506,CANIS,020506
02,ANCASH,0205,BOLOGNESI,020507,COLQUIOC,020507
02,ANCASH,0205,BOLOGNESI,020508,HUALLANCA,020508
02,ANCASH,0205,BOLOGNESI,020509,HUASTA,020509
02,ANCASH,0205,BOLOGNESI,020510,HUAYLLACAYAN,020510
02,ANCASH,0205,BOLOGNESI,020511,LA PRIMAVERA,020511
02,ANCASH,0205,BOLOGNESI,020512,MANGAS,020512
02,ANCASH,0205,BOLOGNESI,020513,PACLLON,020513
02,ANCASH,0205,BOLOGNESI,020514,SAN MIGUEL DE CORPANQUI,020514
02,ANCASH,0205,BOLOGNESI,020515,TICLLOS,020515
02,ANCASH,0206,CARHUAZ,020601,CARHUAZ,020601
02,ANCASH,0206,CARHUAZ,020602,ACOPAMPA,020602
02,ANCASH,0206,CARHUAZ,020603,AMASHCA,020603
02,ANCASH,0206,CARHUAZ,020604,ANTA,020604
02,ANCASH,0206,CARHUAZ,020605,ATAQUERO,020605
02,ANCASH,0206,CARHUAZ,020606,MARCARA,020606
02,ANCASH,0206,CARHUAZ,020607,PARIAHUANCA,020607
02,ANCASH,0206,CARHUAZ,020608,SAN MIGUEL DE ACO,020608
02,ANCASH,0206,CARHUAZ,020609,SHILLA,020609
02,ANCASH,0206,CARHUAZ,020610,TINCO,020610
02,ANCASH,0206,CARHUAZ,020611,YUNGAR,020611
02,ANCASH,0207,CARLOS FERMIN FITZCARRALD,020701,SAN LUIS,020701
02,ANCASH,0207,CARLOS FERMIN FITZCARRALD,020702,SAN NICOLAS,020702
02,ANCASH,0207,CARLOS FERMIN FITZCARRALD,020703,YAUYA,020703
02,ANCASH,0208,CASMA,020801,CASMA,020801
02,ANCASH,0208,CASMA,020802,BUENA VISTA ALTA,020802
02,ANCASH,0208,CASMA,020803,COMANDANTE NOEL,020803
02,ANCASH,0208,CASMA,020804,YAUTAN,020804
02,ANCASH,0209,CORONGO,020901,CORONGO,020901
02,ANCASH,0209,CORONGO,020902,ACO,020902
02,ANCASH,0209,CORONGO,020903,BAMBAS,020903
02,ANCASH,0209,CORONGO,020904,CUSCA,020904
02,ANCASH,0209,CORONGO,020905,LA PAMPA,020905
02,ANCASH,0209,CORONGO,020906,YANAC,020906
02,ANCASH,0209,CORONGO,020907,YUPAN,020907
02,ANCASH,0210,HUARI,021001,HUARI,021001
02,ANCASH,0210,HUARI,021002,ANRA,021002
02,ANCASH,0210,HUARI,021003,CAJAY,021003
02,ANCASH,0210,HUARI,021004,CHAVIN DE HUANTAR,021004
02,ANCASH,0210,HUARI,021005,HUACACHI,021005
02,ANCASH,0210,HUARI,021006,HUACCHIS,021006
02,ANCASH,0210,HUARI,021007,HUACHIS,021007
02,ANCASH,0210,HUARI,021008,HUANTAR,021008
02,ANCASH,0210,HUARI,021009,MASIN,021009
02,ANCASH,0210,HUARI,021010,PAUCAS,021010
02,ANCASH,0210,HUARI,021011,PONTO,021011
02,ANCASH,0210,HUARI,021012,RAHUAPAMPA,021012
02,ANCASH,0210,HUARI,021013,RAPAYAN,021013
02,ANCASH,0210,HUARI,021014,SAN MARCOS,021014
02,ANCASH,0210,HUARI,021015,SAN PEDRO DE CHANA,021015
02,ANCASH,0210,HUARI,021016,UCO,021016
02,ANCASH,0211,HUARMEY,021101,HUARMEY,021101
02,ANCASH,0211,HUARMEY,021102,COCHAPETI,021102
02,ANCASH,0211,HUARMEY,021103,CULEBRAS,021103
02,ANCASH,0211,HUARMEY,021104,HUAYAN,021104
02,ANCASH,0211,HUARMEY,021105,MALVAS,021105
02,ANCASH,0212,HUAYLAS,021201,CARAZ,021201
02,ANCASH,0212,HUAYLAS,021202,HUALLANCA,021202
02,ANCASH,0212,HUAYLAS,021203,HUATA,021203
02,ANCASH,0212,HUAYLAS,021204,HUAYLAS,021204
02,ANCASH,0212,HUAYLAS,021205,MATO,021205
02,ANCASH,0212,HUAYLAS,021206,PAMPAROMAS,021206
02,ANCASH,0212,HUAYLAS,021207,PUEBLO LIBRE,021207
02,ANCASH,0212,HUAYLAS,021208,SANTA CRUZ,021208
02,ANCASH,0212,HUAYLAS,021209,SANTO TORIBIO,021209
02,ANCASH,0212,HUAYLAS,021210,YURACMARCA,021210
02,ANCASH,0213,MARISCAL LUZURIAGA,021301,PISCOBAMBA,021301
02,ANCASH,0213,MARISCAL LUZURIAGA,021302,CASCA,021302
02,ANCASH,0213,MARISCAL LUZURIAGA,021303,ELEAZAR GUZMAN BARRON,021303
02,ANCASH,0213,MARISCAL LUZURIAGA,021304,FIDEL OLIVAS ESCUDERO,021304
02,ANCASH,0213,MARISCAL LUZURIAGA,021305,LLAMA,021305
02,ANCASH,0213,MARISCAL LUZURIAGA,021306,LLUMPA,021306
02,ANCASH,0213,MARISCAL LUZURIAGA,021307,LUCMA,021307
02,ANCASH,0213,MARISCAL LUZURIAGA,021308,MUSGA,021308
02,ANCASH,0214,OCROS,021401,OCROS,021401
02,ANCASH,0214,OCROS,021402,ACAS,021402
02,ANCASH,0214,OCROS,021403,CAJAMARQUILLA,021403
02,ANCASH,0214,OCROS,021404,CARHUAPAMPA,021404
02,ANCASH,0214,OCROS,021405,COCHAS,021405
02,ANCASH,0214,OCROS,021406,CONGAS,021406
02,ANCASH,0214,OCROS,021407,LLIPA,021407
02,ANCASH,0214,OCROS,021408,SAN CRISTOBAL DE RAJAN,021408
02,ANCASH,0214,OCROS,021409,SAN PEDRO,021409
02,ANCASH,0214,OCROS,021410,SANTIAGO DE CHILCAS,021410
02,ANCASH,0215,PALLASCA,021501,CABANA,021501
02,ANCASH,0215,PALLASCA,021502,BOLOGNESI,021502
02,ANCASH,0215,PALLASCA,021503,CONCHUCOS,021503
02,ANCASH,0215,PALLASCA,021504,HUACASCHUQUE,021504
02,ANCASH,0215,PALLASCA,021505,HUANDOVAL,021505
02,ANCASH,0215,PALLASCA,021506,LACABAMBA,021506
02,ANCASH,0215,PALLASCA,021507,LLAPO,021507
02,ANCASH,0215,PALLASCA,021508,PALLASCA,021508
02,ANCASH,0215,PALLASCA,021509,PAMPAS,021509
02,ANCASH,0215,PALLASCA,021510,SANTA ROSA,021510
02,ANCASH,0215,PALLASCA,021511,TAUCA,021511
02,ANCASH,0216,POMABAMBA,021601,POMABAMBA,021601
02,ANCASH,0216,POMABAMBA,021602,HUAYLLAN,021602
02,ANCASH,0216,POMABAMBA,021603,PAROBAMBA,021603
02,ANCASH,0216,POMABAMBA,021604,QUINUABAMBA,021604
02,ANCASH,0217,RECUAY,021701,RECUAY,021701
02,ANCASH,0217,RECUAY,021702,CATAC,021702
02,ANCASH,0217,RECUAY,021703,COTAPARACO,021703
02,ANCASH,0217,RECUAY,021704,HUAYLLAPAMPA,021704
02,ANCASH,0217,RECUAY,021705,LLACLLIN,021705
02,ANCASH,0217,RECUAY,021706,MARCA,021706
02,ANCASH,0217,RECUAY,021707,PAMPAS CHICO,021707
02,ANCASH,0217,RECUAY,021708,PARARIN,021708
02,ANCASH,0217,RECUAY,021709,TAPACOCHA,021709
02,ANCASH,0217,RECUAY,021710,TICAPAMPA,021710
02,ANCASH,0218,SANTA,021801,CHIMBOTE,021801
02,ANCASH,0218,SANTA,021802,CACERES DEL PERU,021802
02,ANCASH,0218,SANTA,021803,COISHCO,021803
02,ANCASH,0218,SANTA,021804,MACATE,021804
02,ANCASH,0218,SANTA,021805,MORO,021805
02,ANCASH,0218,SANTA,021806,NEPEÑA,021806
02,ANCASH,0218,SANTA,021807,SAMANCO,021807
02,ANCASH,0218,SANTA,021808,SANTA,021808
02,ANCASH,0218,SANTA,021809,NUEVO CHIMBOTE,021809
02,ANCASH,0219,SIHUAS,021901,SIHUAS,021901
02,ANCASH,0219,SIHUAS,021902,ACOBAMBA,021902
02,ANCASH,0219,SIHUAS,021903,ALFONSO UGARTE,021903
02,ANCASH,0219,SIHUAS,021904,CASHAPAMPA,021904
02,ANCASH,0219,SIHUAS,021905,CHINGALPO,021905
02,ANCASH,0219,SIHUAS,021906,HUAYLLABAMBA,021906
02,ANCASH,0219,SIHUAS,021907,QUICHES,021907
02,ANCASH,0219,SIHUAS,021908,RAGASH,021908
02,ANCASH,0219,SIHUAS,021909,SAN JUAN,021909
02,ANCASH,0219,SIHUAS,021910,SICSIBAMBA,021910
02,ANCASH,0220,YUNGAY,022001,YUNGAY,022001
02,ANCASH,0220,YUNGAY,022002,CASCAPARA,022002
02,ANCASH,0220,YUNGAY,022003,MANCOS,022003
02,ANCASH,0220,YUNGAY,022004,MATACOTO,022004
02,ANCASH,0220,YUNGAY,022005,QUILLO,022005
02,ANCASH,0220,YUNGAY,022006,RANRAHIRCA,022006
02,ANCASH,0220,YUNGAY,022007,SHUPLUY,022007
02,ANCASH,0220,YUNGAY,022008,YANAMA,022008
03,APURIMAC,0301,ABANCAY,030101,ABANCAY,030101
03,APURIMAC,0301,ABANCAY,030102,CHACOCHE,030102
03,APURIMAC,0301,ABANCAY,030103,CIRCA,030103
03,APURIMAC,0301,ABANCAY,030104,CURAHUASI,030104
03,APURIMAC,0301,ABANCAY,030105,HUANIPACA,030105
03,APURIMAC,0301,ABANCAY,030106,LAMBRAMA,030106
03,APURIMAC,0301,ABANCAY,030107,PICHIRHUA,030107
03,APURIMAC,0301,ABANCAY,030108,SAN PEDRO DE CACHORA,030108
03,APURIMAC,0301,ABANCAY,030109,TAMBURCO,030109
03,APURIMAC,0302,ANDAHUAYLAS,030201,ANDAHUAYLAS,030201
03,APURIMAC,0302,ANDAHUAYLAS,030202,ANDARAPA,030202
03,APURIMAC,0302,ANDAHUAYLAS,030203,CHIARA,030203
03,APURIMAC,0302,ANDAHUAYLAS,030204,HUANCARAMA,030204
03,APURIMAC,0302,ANDAHUAYLAS,030205,HUANCARAY,030205
03,APURIMAC,0302,ANDAHUAYLAS,030206,HUAYANA,030206
03,APURIMAC,0302,ANDAHUAYLAS,030207,KISHUARA,030207
03,APURIMAC,0302,ANDAHUAYLAS,030208,PACOBAMBA,030208
03,APURIMAC,0302,ANDAHUAYLAS,030209,PACUCHA,030209
03,APURIMAC,0302,ANDAHUAYLAS,030210,PAMPACHIRI,030210
03,APURIMAC,0302,ANDAHUAYLAS,030211,POMACOCHA,030211
03,APURIMAC,0302,ANDAHUAYLAS,030212,SAN ANTONIO DE CACHI,030212
03,APURIMAC,0302,ANDAHUAYLAS,030213,SAN JERONIMO,030213
03,APURIMAC,0302,ANDAHUAYLAS,030214,SAN MIGUEL DE CHACCRAMPA,030214
03,APURIMAC,0302,ANDAHUAYLAS,030215,SANTA MARIA DE CHICMO,030215
03,APURIMAC,0302,ANDAHUAYLAS,030216,TALAVERA,030216
03,APURIMAC,0302,ANDAHUAYLAS,030217,TUMAY HUARACA,030217
03,APURIMAC,0302,ANDAHUAYLAS,030218,TURPO,030218
03,APURIMAC,0302,ANDAHUAYLAS,030219,KAQUIABAMBA,030219
03,APURIMAC,0302,ANDAHUAYLAS,030220,JOSE MARIA ARGUEDAS,030220
03,APURIMAC,0303,ANTABAMBA,030301,ANTABAMBA,030301
03,APURIMAC,0303,ANTABAMBA,030302,EL ORO,030302
03,APURIMAC,0303,ANTABAMBA,030303,HUAQUIRCA,030303
03,APURIMAC,0303,ANTABAMBA,030304,JUAN ESPINOZA MEDRANO,030304
03,APURIMAC,0303,ANTABAMBA,030305,OROPESA,030305
03,APURIMAC,0303,ANTABAMBA,030306,PACHACONAS,030306
03,APURIMAC,0303,ANTABAMBA,030307,SABAINO,030307
03,APURIMAC,0304,AYMARAES,030401,CHALHUANCA,030401
03,APURIMAC,0304,AYMARAES,030402,CAPAYA,030402
03,APURIMAC,0304,AYMARAES,030403,CARAYBAMBA,030403
03,APURIMAC,0304,AYMARAES,030404,CHAPIMARCA,030404
03,APURIMAC,0304,AYMARAES,030405,COLCABAMBA,030405
03,APURIMAC,0304,AYMARAES,030406,COTARUSE,030406
03,APURIMAC,0304,AYMARAES,030407,IHUAYLLO,030407
03,APURIMAC,0304,AYMARAES,030408,JUSTO APU SAHUARAURA,030408
03,APURIMAC,0304,AYMARAES,030409,LUCRE,030409
03,APURIMAC,0304,AYMARAES,030410,POCOHUANCA,030410
03,APURIMAC,0304,AYMARAES,030411,SAN JUAN DE CHACÑA,030411
03,APURIMAC,0304,AYMARAES,030412,SAÑAYCA,030412
03,APURIMAC,0304,AYMARAES,030413,SORAYA,030413
03,APURIMAC,0304,AYMARAES,030414,TAPAIRIHUA,030414
03,APURIMAC,0304,AYMARAES,030415,TINTAY,030415
03,APURIMAC,0304,AYMARAES,030416,TORAYA,030416
03,APURIMAC,0304,AYMARAES,030417,YANACA,030417
03,APURIMAC,0305,COTABAMBAS,030501,TAMBOBAMBA,030501
03,APURIMAC,0305,COTABAMBAS,030502,COTABAMBAS,030502
03,APURIMAC,0305,COTABAMBAS,030503,COYLLURQUI,030503
03,APURIMAC,0305,COTABAMBAS,030504,HAQUIRA,030504
03,APURIMAC,0305,COTABAMBAS,030505,MARA,030505
03,APURIMAC,0305,COTABAMBAS,030506,CHALLHUAHUACHO,030506
03,APURIMAC,0306,CHINCHEROS,030601,CHINCHEROS,030601
03,APURIMAC,0306,CHINCHEROS,030602,ANCO_HUALLO,030602
03,APURIMAC,0306,CHINCHEROS,030603,COCHARCAS,030603
03,APURIMAC,0306,CHINCHEROS,030604,HUACCANA,030604
03,APURIMAC,0306,CHINCHEROS,030605,OCOBAMBA,030605
03,APURIMAC,0306,CHINCHEROS,030606,ONGOY,030606
03,APURIMAC,0306,CHINCHEROS,030607,URANMARCA,030607
03,APURIMAC,0306,CHINCHEROS,030608,RANRACANCHA,030608
03,APURIMAC,0306,CHINCHEROS,030609,ROCCHACC,030609
03,APURIMAC,0306,CHINCHEROS,030610,EL PORVENIR,030610
03,APURIMAC,0306,CHINCHEROS,030611,LOS CHANKAS,030611
03,APURIMAC,0306,CHINCHEROS,030612,AHUAYRO,030612
03,APURIMAC,0307,GRAU,030701,CHUQUIBAMBILLA,030701
03,APURIMAC,0307,GRAU,030702,CURPAHUASI,030702
03,APURIMAC,0307,GRAU,030703,GAMARRA,030703
03,APURIMAC,0307,GRAU,030704,HUAYLLATI,030704
03,APURIMAC,0307,GRAU,030705,MAMARA,030705
03,APURIMAC,0307,GRAU,030706,MICAELA BASTIDAS,030706
03,APURIMAC,0307,GRAU,030707,PATAYPAMPA,030707
03,APURIMAC,0307,GRAU,030708,PROGRESO,030708
03,APURIMAC,0307,GRAU,030709,SAN ANTONIO,030709
03,APURIMAC,0307,GRAU,030710,SANTA ROSA,030710
03,APURIMAC,0307,GRAU,030711,TURPAY,030711
03,APURIMAC,0307,GRAU,030712,VILCABAMBA,030712
03,APURIMAC,0307,GRAU,030713,VIRUNDO,030713
03,APURIMAC,0307,GRAU,030714,CURASCO,030714
04,AREQUIPA,0401,AREQUIPA,040101,AREQUIPA,040101
04,AREQUIPA,0401,AREQUIPA,040102,ALTO SELVA ALEGRE,040102
04,AREQUIPA,0401,AREQUIPA,040103,CAYMA,040103
04,AREQUIPA,0401,AREQUIPA,040104,CERRO COLORADO,040104
04,AREQUIPA,0401,AREQUIPA,040105,CHARACATO,040105
04,AREQUIPA,0401,AREQUIPA,040106,CHIGUATA,040106
04,AREQUIPA,0401,AREQUIPA,040107,JACOBO HUNTER,040107
04,AREQUIPA,0401,AREQUIPA,040108,LA JOYA,040108
04,AREQUIPA,0401,AREQUIPA,040109,MARIANO MELGAR,040109
04,AREQUIPA,0401,AREQUIPA,040110,MIRAFLORES,040110
04,AREQUIPA,0401,AREQUIPA,040111,MOLLEBAYA,040111
04,AREQUIPA,0401,AREQUIPA,040112,PAUCARPATA,040112
04,AREQUIPA,0401,AREQUIPA,040113,POCSI,040113
04,AREQUIPA,0401,AREQUIPA,040114,POLOBAYA,040114
04,AREQUIPA,0401,AREQUIPA,040115,QUEQUEÑA,040115
04,AREQUIPA,0401,AREQUIPA,040116,SABANDIA,040116
04,AREQUIPA,0401,AREQUIPA,040117,SACHACA,040117
04,AREQUIPA,0401,AREQUIPA,040118,SAN JUAN DE SIGUAS,040118
04,AREQUIPA,0401,AREQUIPA,040119,SAN JUAN DE TARUCANI,040119
04,AREQUIPA,0401,AREQUIPA,040120,SANTA ISABEL DE SIGUAS,040120
04,AREQUIPA,0401,AREQUIPA,040121,SANTA RITA DE SIGUAS,040121
04,AREQUIPA,0401,AREQUIPA,040122,SOCABAYA,040122
04,AREQUIPA,0401,AREQUIPA,040123,TIABAYA,040123
04,AREQUIPA,0401,AREQUIPA,040124,UCHUMAYO,040124
04,AREQUIPA,0401,AREQUIPA,040125,VITOR,040125
04,AREQUIPA,0401,AREQUIPA,040126,YANAHUARA,040126
04,AREQUIPA,0401,AREQUIPA,040127,YARABAMBA,040127
04,AREQUIPA,0401,AREQUIPA,040128,YURA,040128
04,AREQUIPA,0401,AREQUIPA,040129,JOSE LUIS BUSTAMANTE Y RIVERO,040129
04,AREQUIPA,0402,CAMANA,040201,CAMANA,040201
04,AREQUIPA,0402,CAMANA,040202,JOSE MARIA QUIMPER,040202
04,AREQUIPA,0402,CAMANA,040203,MARIANO NICOLAS VALCARCEL,040203
04,AREQUIPA,0402,CAMANA,040204,MARISCAL CACERES,040204
04,AREQUIPA,0402,CAMANA,040205,NICOLAS DE PIEROLA,040205
04,AREQUIPA,0402,CAMANA,040206,OCOÑA,040206
04,AREQUIPA,0402,CAMANA,040207,QUILCA,040207
04,AREQUIPA,0402,CAMANA,040208,SAMUEL PASTOR,040208
04,AREQUIPA,0403,CARAVELI,040301,CARAVELI,040301
04,AREQUIPA,0403,CARAVELI,040302,ACARI,040302
04,AREQUIPA,0403,CARAVELI,040303,ATICO,040303
04,AREQUIPA,0403,CARAVELI,040304,ATIQUIPA,040304
04,AREQUIPA,0403,CARAVELI,040305,BELLA UNION,040305
04,AREQUIPA,0403,CARAVELI,040306,CAHUACHO,040306
04,AREQUIPA,0403,CARAVELI,040307,CHALA,040307
04,AREQUIPA,0403,CARAVELI,040308,CHAPARRA,040308
04,AREQUIPA,0403,CARAVELI,040309,HUANUHUANU,040309
04,AREQUIPA,0403,CARAVELI,040310,JAQUI,040310
04,AREQUIPA,0403,CARAVELI,040311,LOMAS,040311
04,AREQUIPA,0403,CARAVELI,040312,QUICACHA,040312
04,AREQUIPA,0403,CARAVELI,040313,YAUCA,040313
04,AREQUIPA,0404,CASTILLA,040401,APLAO,040401
04,AREQUIPA,0404,CASTILLA,040402,ANDAGUA,040402
04,AREQUIPA,0404,CASTILLA,040403,AYO,040403
04,AREQUIPA,0404,CASTILLA,040404,CHACHAS,040404
04,AREQUIPA,0404,CASTILLA,040405,CHILCAYMARCA,040405
04,AREQUIPA,0404,CASTILLA,040406,CHOCO,040406
04,AREQUIPA,0404,CASTILLA,040407,HUANCARQUI,040407
04,AREQUIPA,0404,CASTILLA,040408,MACHAGUAY,040408
04,AREQUIPA,0404,CASTILLA,040409,ORCOPAMPA,040409
04,AREQUIPA,0404,CASTILLA,040410,PAMPACOLCA,040410
04,AREQUIPA,0404,CASTILLA,040411,TIPAN,040411
04,AREQUIPA,0404,CASTILLA,040412,UÑON,040412
04,AREQUIPA,0404,CASTILLA,040413,URACA,040413
04,AREQUIPA,0404,CASTILLA,040414,VIRACO,040414
04,AREQUIPA,0405,CAYLLOMA,040501,CHIVAY,040501
04,AREQUIPA,0405,CAYLLOMA,040502,ACHOMA,040502
04,AREQUIPA,0405,CAYLLOMA,040503,CABANACONDE,040503
04,AREQUIPA,0405,CAYLLOMA,040504,CALLALLI,040504
04,AREQUIPA,0405,CAYLLOMA,040505,CAYLLOMA,040505
04,AREQUIPA,0405,CAYLLOMA,040506,COPORAQUE,040506
04,AREQUIPA,0405,CAYLLOMA,040507,HUAMBO,040507
04,AREQUIPA,0405,CAYLLOMA,040508,HUANCA,040508
04,AREQUIPA,0405,CAYLLOMA,040509,ICHUPAMPA,040509
04,AREQUIPA,0405,CAYLLOMA,040510,LARI,040510
04,AREQUIPA,0405,CAYLLOMA,040511,LLUTA,040511
04,AREQUIPA,0405,CAYLLOMA,040512,MACA,040512
04,AREQUIPA,0405,CAYLLOMA,040513,MADRIGAL,040513
04,AREQUIPA,0405,CAYLLOMA,040514,SAN ANTONIO DE CHUCA,040514
04,AREQUIPA,0405,CAYLLOMA,040515,SIBAYO,040515
04,AREQUIPA,0405,CAYLLOMA,040516,TAPAY,040516
04,AREQUIPA,0405,CAYLLOMA,040517,TISCO,040517
04,AREQUIPA,0405,CAYLLOMA,040518,TUTI,040518
04,AREQUIPA,0405,CAYLLOMA,040519,YANQUE,040519
04,AREQUIPA,0405,CAYLLOMA,040520,MAJES,040520
04,AREQUIPA,0406,CONDESUYOS,040601,CHUQUIBAMBA,040601
04,AREQUIPA,0406,CONDESUYOS,040602,ANDARAY,040602
04,AREQUIPA,0406,CONDESUYOS,040603,CAYARANI,040603
04,AREQUIPA,0406,CONDESUYOS,040604,CHICHAS,040604
04,AREQUIPA,0406,CONDESUYOS,040605,IRAY,040605
04,AREQUIPA,0406,CONDESUYOS,040606,RIO GRANDE,040606
04,AREQUIPA,0406,CONDESUYOS,040607,SALAMANCA,040607
04,AREQUIPA,0406,CONDESUYOS,040608,YANAQUIHUA,040608
04,AREQUIPA,0407,ISLAY,040701,MOLLENDO,040701
04,AREQUIPA,0407,ISLAY,040702,COCACHACRA,040702
04,AREQUIPA,0407,ISLAY,040703,DEAN VALDIVIA,040703
04,AREQUIPA,0407,ISLAY,040704,ISLAY,040704
04,AREQUIPA,0407,ISLAY,040705,MEJIA,040705
04,AREQUIPA,0407,ISLAY,040706,PUNTA DE BOMBON,040706
04,AREQUIPA,0408,LA UNION,040801,COTAHUASI,040801
04,AREQUIPA,0408,LA UNION,040802,ALCA,040802
04,AREQUIPA,0408,LA UNION,040803,CHARCANA,040803
04,AREQUIPA,0408,LA UNION,040804,HUAYNACOTAS,040804
04,AREQUIPA,0408,LA UNION,040805,PAMPAMARCA,040805
04,AREQUIPA,0408,LA UNION,040806,PUYCA,040806
04,AREQUIPA,0408,LA UNION,040807,QUECHUALLA,040807
04,AREQUIPA,0408,LA UNION,040808,SAYLA,040808
04,AREQUIPA,0408,LA UNION,040809,TAURIA,040809
04,AREQUIPA,0408,LA UNION,040810,TOMEPAMPA,040810
04,AREQUIPA,0408,LA UNION,040811,TORO,040811
05,AYACUCHO,0501,HUAMANGA,050101,AYACUCHO,050101
05,AYACUCHO,0501,HUAMANGA,050102,ACOCRO,050102
05,AYACUCHO,0501,HUAMANGA,050103,ACOS VINCHOS,050103
05,AYACUCHO,0501,HUAMANGA,050104,CARMEN ALTO,050104
05,AYACUCHO,0501,HUAMANGA,050105,CHIARA,050105
05,AYACUCHO,0501,HUAMANGA,050106,OCROS,050106
05,AYACUCHO,0501,HUAMANGA,050107,PACAYCASA,050107
05,AYACUCHO,0501,HUAMANGA,050108,QUINUA,050108
05,AYACUCHO,0501,HUAMANGA,050109,SAN JOSE DE TICLLAS,050109
05,AYACUCHO,0501,HUAMANGA,050110,SAN JUAN BAUTISTA,050110
05,AYACUCHO,0501,HUAMANGA,050111,SANTIAGO DE PISCHA,050111
05,AYACUCHO,0501,HUAMANGA,050112,SOCOS,050112
05,AYACUCHO,0501,HUAMANGA,050113,TAMBILLO,050113
05,AYACUCHO,0501,HUAMANGA,050114,VINCHOS,050114
05,AYACUCHO,0501,HUAMANGA,050115,JESUS NAZARENO,050115
05,AYACUCHO,0501,HUAMANGA,050116,ANDRES AVELINO CACERES DORREGARAY,050116
05,AYACUCHO,0502,CANGALLO,050201,CANGALLO,050201
05,AYACUCHO,0502,CANGALLO,050202,CHUSCHI,050202
05,AYACUCHO,0502,CANGALLO,050203,LOS MOROCHUCOS,050203
05,AYACUCHO,0502,CANGALLO,050204,MARIA PARADO DE BELLIDO,050204
05,AYACUCHO,0502,CANGALLO,050205,PARAS,050205
05,AYACUCHO,0502,CANGALLO,050206,TOTOS,050206
05,AYACUCHO,0503,HUANCA SANCOS,050301,SANCOS,050301
05,AYACUCHO,0503,HUANCA SANCOS,050302,CARAPO,050302
05,AYACUCHO,0503,HUANCA SANCOS,050303,SACSAMARCA,050303
05,AYACUCHO,0503,HUANCA SANCOS,050304,SANTIAGO DE LUCANAMARCA,050304
05,AYACUCHO,0504,HUANTA,050401,HUANTA,050401
05,AYACUCHO,0504,HUANTA,050402,AYAHUANCO,050402
05,AYACUCHO,0504,HUANTA,050403,HUAMANGUILLA,050403
05,AYACUCHO,0504,HUANTA,050404,IGUAIN,050404
05,AYACUCHO,0504,HUANTA,050405,LURICOCHA,050405
05,AYACUCHO,0504,HUANTA,050406,SANTILLANA,050406
05,AYACUCHO,0504,HUANTA,050407,SIVIA,050407
05,AYACUCHO,0504,HUANTA,050408,LLOCHEGUA,050408
05,AYACUCHO,0504,HUANTA,050409,CANAYRE,050409
05,AYACUCHO,0504,HUANTA,050410,UCHURACCAY,050410
05,AYACUCHO,0504,HUANTA,050411,PUCACOLPA,050411
05,AYACUCHO,0504,HUANTA,050412,CHACA,050412
05,AYACUCHO,0504,HUANTA,050413,PUTIS,050413
05,AYACUCHO,0505,LA MAR,050501,SAN MIGUEL,050501
05,AYACUCHO,0505,LA MAR,050502,ANCO,050502
05,AYACUCHO,0505,LA MAR,050503,AYNA,050503
05,AYACUCHO,0505,LA MAR,050504,CHILCAS,050504
05,AYACUCHO,0505,LA MAR,050505,CHUNGUI,050505
05,AYACUCHO,0505,LA MAR,050506,LUIS CARRANZA,050506
05,AYACUCHO,0505,LA MAR,050507,SANTA ROSA,050507
05,AYACUCHO,0505,LA MAR,050508,TAMBO,050508
05,AYACUCHO,0505,LA MAR,050509,SAMUGARI,050509
05,AYACUCHO,0505,LA MAR,050510,ANCHIHUAY,050510
05,AYACUCHO,0505,LA MAR,050511,ORONCCOY,050511
05,AYACUCHO,0505,LA MAR,050512,UNION PROGRESO,050512
05,AYACUCHO,0505,LA MAR,050513,RIO MAGDALENA,050513
05,AYACUCHO,0505,LA MAR,050514,NINABAMBA,050514
05,AYACUCHO,0505,LA MAR,050515,PATIBAMBA,050515
05,AYACUCHO,0506,LUCANAS,050601,PUQUIO,050601
05,AYACUCHO,0506,LUCANAS,050602,AUCARA,050602
05,AYACUCHO,0506,LUCANAS,050603,CABANA,050603
05,AYACUCHO,0506,LUCANAS,050604,CARMEN SALCEDO,050604
05,AYACUCHO,0506,LUCANAS,050605,CHAVIÑA,050605
05,AYACUCHO,0506,LUCANAS,050606,CHIPAO,050606
05,AYACUCHO,0506,LUCANAS,050607,HUAC-HUAS,050607
05,AYACUCHO,0506,LUCANAS,050608,LARAMATE,050608
05,AYACUCHO,0506,LUCANAS,050609,LEONCIO PRADO,050609
05,AYACUCHO,0506,LUCANAS,050610,LLAUTA,050610
05,AYACUCHO,0506,LUCANAS,050611,LUCANAS,050611
05,AYACUCHO,0506,LUCANAS,050612,OCAÑA,050612
05,AYACUCHO,0506,LUCANAS,050613,OTOCA,050613
05,AYACUCHO,0506,LUCANAS,050614,SAISA,050614
05,AYACUCHO,0506,LUCANAS,050615,SAN CRISTOBAL,050615
05,AYACUCHO,0506,LUCANAS,050616,SAN JUAN,050616
05,AYACUCHO,0506,LUCANAS,050617,SAN PEDRO,050617
05,AYACUCHO,0506,LUCANAS,050618,SAN PEDRO DE PALCO,050618
05,AYACUCHO,0506,LUCANAS,050619,SANCOS,050619
05,AYACUCHO,0506,LUCANAS,050620,SANTA ANA DE HUAYCAHUACHO,050620
05,AYACUCHO,0506,LUCANAS,050621,SANTA LUCIA,050621
05,AYACUCHO,0507,PARINACOCHAS,050701,CORACORA,050701
05,AYACUCHO,0507,PARINACOCHAS,050702,CHUMPI,050702
05,AYACUCHO,0507,PARINACOCHAS,050703,CORONEL CASTAÑEDA,050703
05,AYACUCHO,0507,PARINACOCHAS,050704,PACAPAUSA,050704
05,AYACUCHO,0507,PARINACOCHAS,050705,PULLO,050705
05,AYACUCHO,0507,PARINACOCHAS,050706,PUYUSCA,050706
05,AYACUCHO,0507,PARINACOCHAS,050707,SAN FRANCISCO DE RIVACAYCO,050707
05,AYACUCHO,0507,PARINACOCHAS,050708,UPAHUACHO,050708
05,AYACUCHO,0508,PAUCAR DEL SARA SARA,050801,PAUSA,050801
05,AYACUCHO,0508,PAUCAR DEL SARA SARA,050802,COLTA,050802
05,AYACUCHO,0508,PAUCAR DEL SARA SARA,050803,CORCULLA,050803
05,AYACUCHO,0508,PAUCAR DEL SARA SARA,050804,LAMPA,050804
05,AYACUCHO,0508,PAUCAR DEL SARA SARA,050805,MARCABAMBA,050805
05,AYACUCHO,0508,PAUCAR DEL SARA SARA,050806,OYOLO,050806
05,AYACUCHO,0508,PAUCAR DEL SARA SARA,050807,PARARCA,050807
05,AYACUCHO,0508,PAUCAR DEL SARA SARA,050808,SAN JAVIER DE ALPABAMBA,050808
05,AYACUCHO,0508,PAUCAR DEL SARA SARA,050809,SAN JOSE DE USHUA,050809
05,AYACUCHO,0508,PAUCAR DEL SARA SARA,050810,SARA SARA,050810
05,AYACUCHO,0509,SUCRE,050901,QUEROBAMBA,050901
05,AYACUCHO,0509,SUCRE,050902,BELEN,050902
05,AYACUCHO,0509,SUCRE,050903,CHALCOS,050903
05,AYACUCHO,0509,SUCRE,050904,CHILCAYOC,050904
05,AYACUCHO,0509,SUCRE,050905,HUACAÑA,050905
05,AYACUCHO,0509,SUCRE,050906,MORCOLLA,050906
05,AYACUCHO,0509,SUCRE,050907,PAICO,050907
05,AYACUCHO,0509,SUCRE,050908,SAN PEDRO DE LARCAY,050908
05,AYACUCHO,0509,SUCRE,050909,SAN SALVADOR DE QUIJE,050909
05,AYACUCHO,0509,SUCRE,050910,SANTIAGO DE PAUCARAY,050910
05,AYACUCHO,0509,SUCRE,050911,SORAS,050911
05,AYACUCHO,0510,VICTOR FAJARDO,051001,HUANCAPI,051001
05,AYACUCHO,0510,VICTOR FAJARDO,051002,ALCAMENCA,051002
05,AYACUCHO,0510,VICTOR FAJARDO,051003,APONGO,051003
05,AYACUCHO,0510,VICTOR FAJARDO,051004,ASQUIPATA,051004
05,AYACUCHO,0510,VICTOR FAJARDO,051005,CANARIA,051005
05,AYACUCHO,0510,VICTOR FAJARDO,051006,CAYARA,051006
05,AYACUCHO,0510,VICTOR FAJARDO,051007,COLCA,051007
05,AYACUCHO,0510,VICTOR FAJARDO,051008,HUAMANQUIQUIA,051008
05,AYACUCHO,0510,VICTOR FAJARDO,051009,HUANCARAYLLA,051009
05,AYACUCHO,0510,VICTOR FAJARDO,051010,HUALLA,051010
05,AYACUCHO,0510,VICTOR FAJARDO,051011,SARHUA,051011
05,AYACUCHO,0510,VICTOR FAJARDO,051012,VILCANCHOS,051012
05,AYACUCHO,0511,VILCAS HUAMAN,051101,VILCAS HUAMAN,051101
05,AYACUCHO,0511,VILCAS HUAMAN,051102,ACCOMARCA,051102
05,AYACUCHO,0511,VILCAS HUAMAN,051103,CARHUANCA,051103
05,AYACUCHO,0511,VILCAS HUAMAN,051104,CONCEPCION,051104
05,AYACUCHO,0511,VILCAS HUAMAN,051105,HUAMBALPA,051105
05,AYACUCHO,0511,VILCAS HUAMAN,051106,INDEPENDENCIA,051106
05,AYACUCHO,0511,VILCAS HUAMAN,051107,SAURAMA,051107
05,AYACUCHO,0511,VILCAS HUAMAN,051108,VISCHONGO,051108
06,CAJAMARCA,0601,CAJAMARCA,060101,CAJAMARCA,060101
06,CAJAMARCA,0601,CAJAMARCA,060102,ASUNCION,060102
06,CAJAMARCA,0601,CAJAMARCA,060103,CHETILLA,060103
06,CAJAMARCA,0601,CAJAMARCA,060104,COSPAN,060104
06,CAJAMARCA,0601,CAJAMARCA,060105,ENCAÑADA,060105
06,CAJAMARCA,0601,CAJAMARCA,060106,JESUS,060106
06,CAJAMARCA,0601,CAJAMARCA,060107,LLACANORA,060107
06,CAJAMARCA,0601,CAJAMARCA,060108,LOS BAÑOS DEL INCA,060108
06,CAJAMARCA,0601,CAJAMARCA,060109,MAGDALENA,060109
06,CAJAMARCA,0601,CAJAMARCA,060110,MATARA,060110
06,CAJAMARCA,0601,CAJAMARCA,060111,NAMORA,060111
06,CAJAMARCA,0601,CAJAMARCA,060112,SAN JUAN,060112
06,CAJAMARCA,0602,CAJABAMBA,060201,CAJABAMBA,060201
06,CAJAMARCA,0602,CAJABAMBA,060202,CACHACHI,060202
06,CAJAMARCA,0602,CAJABAMBA,060203,CONDEBAMBA,060203
06,CAJAMARCA,0602,CAJABAMBA,060204,SITACOCHA,060204
06,CAJAMARCA,0603,CELENDIN,060301,CELENDIN,060301
06,CAJAMARCA,0603,CELENDIN,060302,CHUMUCH,060302
06,CAJAMARCA,0603,CELENDIN,060303,CORTEGANA,060303
06,CAJAMARCA,0603,CELENDIN,060304,HUASMIN,060304
06,CAJAMARCA,0603,CELENDIN,060305,JORGE CHAVEZ,060305
06,CAJAMARCA,0603,CELENDIN,060306,JOSE GALVEZ,060306
06,CAJAMARCA,0603,CELENDIN,060307,MIGUEL IGLESIAS,060307
06,CAJAMARCA,0603,CELENDIN,060308,OXAMARCA,060308
06,CAJAMARCA,0603,CELENDIN,060309,SOROCHUCO,060309
06,CAJAMARCA,0603,CELENDIN,060310,SUCRE,060310
06,CAJAMARCA,0603,CELENDIN,060311,UTCO,060311
06,CAJAMARCA,0603,CELENDIN,060312,LA LIBERTAD DE PALLAN,060312
06,CAJAMARCA,0604,CHOTA,060401,CHOTA,060401
06,CAJAMARCA,0604,CHOTA,060402,ANGUIA,060402
06,CAJAMARCA,0604,CHOTA,060403,CHADIN,060403
06,CAJAMARCA,0604,CHOTA,060404,CHIGUIRIP,060404
06,CAJAMARCA,0604,CHOTA,060405,CHIMBAN,060405
06,CAJAMARCA,0604,CHOTA,060406,CHOROPAMPA,060406
06,CAJAMARCA,0604,CHOTA,060407,COCHABAMBA,060407
06,CAJAMARCA,0604,CHOTA,060408,CONCHAN,060408
06,CAJAMARCA,0604,CHOTA,060409,HUAMBOS,060409
06,CAJAMARCA,0604,CHOTA,060410,LAJAS,060410
06,CAJAMARCA,0604,CHOTA,060411,LLAMA,060411
06,CAJAMARCA,0604,CHOTA,060412,MIRACOSTA,060412
06,CAJAMARCA,0604,CHOTA,060413,PACCHA,060413
06,CAJAMARCA,0604,CHOTA,060414,PION,060414
06,CAJAMARCA,0604,CHOTA,060415,QUEROCOTO,060415
06,CAJAMARCA,0604,CHOTA,060416,SAN JUAN DE LICUPIS,060416
06,CAJAMARCA,0604,CHOTA,060417,TACABAMBA,060417
06,CAJAMARCA,0604,CHOTA,060418,TOCMOCHE,060418
06,CAJAMARCA,0604,CHOTA,060419,CHALAMARCA,060419
06,CAJAMARCA,0605,CONTUMAZA,060501,CONTUMAZA,060501
06,CAJAMARCA,0605,CONTUMAZA,060502,CHILETE,060502
06,CAJAMARCA,0605,CONTUMAZA,060503,CUPISNIQUE,060503
06,CAJAMARCA,0605,CONTUMAZA,060504,GUZMANGO,060504
06,CAJAMARCA,0605,CONTUMAZA,060505,SAN BENITO,060505
06,CAJAMARCA,0605,CONTUMAZA,060506,SANTA CRUZ DE TOLED,060506
06,CAJAMARCA,0605,CONTUMAZA,060507,TANTARICA,060507
06,CAJAMARCA,0605,CONTUMAZA,060508,YONAN,060508
06,CAJAMARCA,0606,CUTERVO,060601,CUTERVO,060601
06,CAJAMARCA,0606,CUTERVO,060602,CALLAYUC,060602
06,CAJAMARCA,0606,CUTERVO,060603,CHOROS,060603
06,CAJAMARCA,0606,CUTERVO,060604,CUJILLO,060604
06,CAJAMARCA,0606,CUTERVO,060605,LA RAMADA,060605
06,CAJAMARCA,0606,CUTERVO,060606,PIMPINGOS,060606
06,CAJAMARCA,0606,CUTERVO,060607,QUEROCOTILLO,060607
06,CAJAMARCA,0606,CUTERVO,060608,SAN ANDRES DE CUTERVO,060608
06,CAJAMARCA,0606,CUTERVO,060609,SAN JUAN DE CUTERVO,060609
06,CAJAMARCA,0606,CUTERVO,060610,SAN LUIS DE LUCMA,060610
06,CAJAMARCA,0606,CUTERVO,060611,SANTA CRUZ,060611
06,CAJAMARCA,0606,CUTERVO,060612,SANTO DOMINGO DE LA CAPILLA,060612
06,CAJAMARCA,0606,CUTERVO,060613,SANTO TOMAS,060613
06,CAJAMARCA,0606,CUTERVO,060614,SOCOTA,060614
06,CAJAMARCA,0606,CUTERVO,060615,TORIBIO CASANOVA,060615
06,CAJAMARCA,0607,HUALGAYOC,060701,BAMBAMARCA,060701
06,CAJAMARCA,0607,HUALGAYOC,060702,CHUGUR,060702
06,CAJAMARCA,0607,HUALGAYOC,060703,HUALGAYOC,060703
06,CAJAMARCA,0608,JAEN,060801,JAEN,060801
06,CAJAMARCA,0608,JAEN,060802,BELLAVISTA,060802
06,CAJAMARCA,0608,JAEN,060803,CHONTALI,060803
06,CAJAMARCA,0608,JAEN,060804,COLASAY,060804
06,CAJAMARCA,0608,JAEN,060805,HUABAL,060805
06,CAJAMARCA,0608,JAEN,060806,LAS PIRIAS,060806
06,CAJAMARCA,0608,JAEN,060807,POMAHUACA,060807
06,CAJAMARCA,0608,JAEN,060808,PUCARA,060808
06,CAJAMARCA,0608,JAEN,060809,SALLIQUE,060809
06,CAJAMARCA,0608,JAEN,060810,SAN FELIPE,060810
06,CAJAMARCA,0608,JAEN,060811,SAN JOSE DEL ALTO,060811
06,CAJAMARCA,0608,JAEN,060812,SANTA ROSA,060812
06,CAJAMARCA,0609,SAN IGNACIO,060901,SAN IGNACIO,060901
06,CAJAMARCA,0609,SAN IGNACIO,060902,CHIRINOS,060902
06,CAJAMARCA,0609,SAN IGNACIO,060903,HUARANGO,060903
06,CAJAMARCA,0609,SAN IGNACIO,060904,LA COIPA,060904
06,CAJAMARCA,0609,SAN IGNACIO,060905,NAMBALLE,060905
06,CAJAMARCA,0609,SAN IGNACIO,060906,SAN JOSE DE LOURDES,060906
06,CAJAMARCA,0609,SAN IGNACIO,060907,TABACONAS,060907
06,CAJAMARCA,0610,SAN MARCOS,061001,PEDRO GALVEZ,061001
06,CAJAMARCA,0610,SAN MARCOS,061002,CHANCAY,061002
06,CAJAMARCA,0610,SAN MARCOS,061003,EDUARDO VILLANUEVA,061003
06,CAJAMARCA,0610,SAN MARCOS,061004,GREGORIO PITA,061004
06,CAJAMARCA,0610,SAN MARCOS,061005,ICHOCAN,061005
06,CAJAMARCA,0610,SAN MARCOS,061006,JOSE MANUEL QUIROZ,061006
06,CAJAMARCA,0610,SAN MARCOS,061007,JOSE SABOGAL,061007
06,CAJAMARCA,0611,SAN MIGUEL,061101,SAN MIGUEL,061101
06,CAJAMARCA,0611,SAN MIGUEL,061102,BOLIVAR,061102
06,CAJAMARCA,0611,SAN MIGUEL,061103,CALQUIS,061103
06,CAJAMARCA,0611,SAN MIGUEL,061104,CATILLUC,061104
06,CAJAMARCA,0611,SAN MIGUEL,061105,EL PRADO,061105
06,CAJAMARCA,0611,SAN MIGUEL,061106,LA FLORIDA,061106
06,CAJAMARCA,0611,SAN MIGUEL,061107,LLAPA,061107
06,CAJAMARCA,0611,SAN MIGUEL,061108,NANCHOC,061108
06,CAJAMARCA,0611,SAN MIGUEL,061109,NIEPOS,061109
06,CAJAMARCA,0611,SAN MIGUEL,061110,SAN GREGORIO,061110
06,CAJAMARCA,0611,SAN MIGUEL,061111,SAN SILVESTRE DE COCHAN,061111
06,CAJAMARCA,0611,SAN MIGUEL,061112,TONGOD,061112
06,CAJAMARCA,0611,SAN MIGUEL,061113,UNION AGUA BLANCA,061113
06,CAJAMARCA,0612,SAN PABLO,061201,SAN PABLO,061201
06,CAJAMARCA,0612,SAN PABLO,061202,SAN BERNARDINO,061202
06,CAJAMARCA,0612,SAN PABLO,061203,SAN LUIS,061203
06,CAJAMARCA,0612,SAN PABLO,061204,TUMBADEN,061204
06,CAJAMARCA,0613,SANTA CRUZ,061301,SANTA CRUZ,061301
06,CAJAMARCA,0613,SANTA CRUZ,061302,ANDABAMBA,061302
06,CAJAMARCA,0613,SANTA CRUZ,061303,CATACHE,061303
06,CAJAMARCA,0613,SANTA CRUZ,061304,CHANCAYBAÑOS,061304
06,CAJAMARCA,0613,SANTA CRUZ,061305,LA ESPERANZA,061305
06,CAJAMARCA,0613,SANTA CRUZ,061306,NINABAMBA,061306
06,CAJAMARCA,0613,SANTA CRUZ,061307,PULAN,061307
06,CAJAMARCA,0613,SANTA CRUZ,061308,SAUCEPAMPA,061308
06,CAJAMARCA,0613,SANTA CRUZ,061309,SEXI,061309
06,CAJAMARCA,0613,SANTA CRUZ,061310,UTICYACU,061310
06,CAJAMARCA,0613,SANTA CRUZ,061311,YAUYUCAN,061311
07,CALLAO,0701,CALLAO,070101,CALLAO,070101
07,CALLAO,0701,CALLAO,070102,BELLAVISTA,070102
07,CALLAO,0701,CALLAO,070103,CARMEN DE LA LEGUA REYNOSO,070103
07,CALLAO,0701,CALLAO,070104,LA PERLA,070104
07,CALLAO,0701,CALLAO,070105,LA PUNTA,070105
07,CALLAO,0701,CALLAO,070106,VENTANILLA,070106
07,CALLAO,0701,CALLAO,070107,MI PERU,070107
08,CUSCO,0801,CUSCO,080101,CUSCO,080101
08,CUSCO,0801,CUSCO,080102,CCORCA,080102
08,CUSCO,0801,CUSCO,080103,POROY,080103
08,CUSCO,0801,CUSCO,080104,SAN JERONIMO,080104
08,CUSCO,0801,CUSCO,080105,SAN SEBASTIAN,080105
08,CUSCO,0801,CUSCO,080106,SANTIAGO,080106
08,CUSCO,0801,CUSCO,080107,SAYLLA,080107
08,CUSCO,0801,CUSCO,080108,WANCHAQ,080108
08,CUSCO,0802,ACOMAYO,080201,ACOMAYO,080201
08,CUSCO,0802,ACOMAYO,080202,ACOPIA,080202
08,CUSCO,0802,ACOMAYO,080203,ACOS,080203
08,CUSCO,0802,ACOMAYO,080204,MOSOC LLACTA,080204
08,CUSCO,0802,ACOMAYO,080205,POMACANCHI,080205
08,CUSCO,0802,ACOMAYO,080206,RONDOCAN,080206
08,CUSCO,0802,ACOMAYO,080207,SANGARARA,080207
08,CUSCO,0803,ANTA,080301,ANTA,080301
08,CUSCO,0803,ANTA,080302,ANCAHUASI,080302
08,CUSCO,0803,ANTA,080303,CACHIMAYO,080303
08,CUSCO,0803,ANTA,080304,CHINCHAYPUJIO,080304
08,CUSCO,0803,ANTA,080305,HUAROCONDO,080305
08,CUSCO,0803,ANTA,080306,LIMATAMBO,080306
08,CUSCO,0803,ANTA,080307,MOLLEPATA,080307
08,CUSCO,0803,ANTA,080308,PUCYURA,080308
08,CUSCO,0803,ANTA,080309,ZURITE,080309
08,CUSCO,0804,CALCA,080401,CALCA,080401
08,CUSCO,0804,CALCA,080402,COYA,080402
08,CUSCO,0804,CALCA,080403,LAMAY,080403
08,CUSCO,0804,CALCA,080404,LARES,080404
08,CUSCO,0804,CALCA,080405,PISAC,080405
08,CUSCO,0804,CALCA,080406,SAN SALVADOR,080406
08,CUSCO,0804,CALCA,080407,TARAY,080407
08,CUSCO,0804,CALCA,080408,YANATILE,080408
08,CUSCO,0805,CANAS,080501,YANAOCA,080501
08,CUSCO,0805,CANAS,080502,CHECCA,080502
08,CUSCO,0805,CANAS,080503,KUNTURKANKI,080503
08,CUSCO,0805,CANAS,080504,LANGUI,080504
08,CUSCO,0805,CANAS,080505,LAYO,080505
08,CUSCO,0805,CANAS,080506,PAMPAMARCA,080506
08,CUSCO,0805,CANAS,080507,QUEHUE,080507
08,CUSCO,0805,CANAS,080508,TUPAC AMARU,080508
08,CUSCO,0806,CANCHIS,080601,SICUANI,080601
08,CUSCO,0806,CANCHIS,080602,CHECACUPE,080602
08,CUSCO,0806,CANCHIS,080603,COMBAPATA,080603
08,CUSCO,0806,CANCHIS,080604,MARANGANI,080604
08,CUSCO,0806,CANCHIS,080605,PITUMARCA,080605
08,CUSCO,0806,CANCHIS,080606,SAN PABLO,080606
08,CUSCO,0806,CANCHIS,080607,SAN PEDRO,080607
08,CUSCO,0806,CANCHIS,080608,TINTA,080608
08,CUSCO,0807,CHUMBIVILCAS,080701,SANTO TOMAS,080701
08,CUSCO,0807,CHUMBIVILCAS,080702,CAPACMARCA,080702
08,CUSCO,0807,CHUMBIVILCAS,080703,CHAMACA,080703
08,CUSCO,0807,CHUMBIVILCAS,080704,COLQUEMARCA,080704
08,CUSCO,0807,CHUMBIVILCAS,080705,LIVITACA,080705
08,CUSCO,0807,CHUMBIVILCAS,080706,LLUSCO,080706
08,CUSCO,0807,CHUMBIVILCAS,080707,QUIÑOTA,080707
08,CUSCO,0807,CHUMBIVILCAS,080708,VELILLE,080708
08,CUSCO,0808,ESPINAR,080801,ESPINAR,080801
08,CUSCO,0808,ESPINAR,080802,CONDOROMA,080802
08,CUSCO,0808,ESPINAR,080803,COPORAQUE,080803
08,CUSCO,0808,ESPINAR,080804,OCORURO,080804
08,CUSCO,0808,ESPINAR,080805,PALLPATA,080805
08,CUSCO,0808,ESPINAR,080806,PICHIGUA,080806
08,CUSCO,0808,ESPINAR,080807,SUYCKUTAMBO,080807
08,CUSCO,0808,ESPINAR,080808,ALTO PICHIGUA,080808
08,CUSCO,0809,LA CONVENCION,080901,SANTA ANA,080901
08,CUSCO,0809,LA CONVENCION,080902,ECHARATE,080902
08,CUSCO,0809,LA CONVENCION,080903,HUAYOPATA,080903
08,CUSCO,0809,LA CONVENCION,080904,MARANURA,080904
08,CUSCO,0809,LA CONVENCION,080905,OCOBAMBA,080905
08,CUSCO,0809,LA CONVENCION,080906,QUELLOUNO,080906
08,CUSCO,0809,LA CONVENCION,080907,KIMBIRI,080907
08,CUSCO,0809,LA CONVENCION,080908,SANTA TERESA,080908
08,CUSCO,0809,LA CONVENCION,080909,VILCABAMBA,080909
08,CUSCO,0809,LA CONVENCION,080910,PICHARI,080910
08,CUSCO,0809,LA CONVENCION,080911,INKAWASI,080911
08,CUSCO,0809,LA CONVENCION,080912,VILLA VIRGEN,080912
08,CUSCO,0809,LA CONVENCION,080913,VILLA KINTIARINA,080913
08,CUSCO,0809,LA CONVENCION,080914,MEGANTONI,080914
08,CUSCO,0809,LA CONVENCION,080915,KUMPIRUSHIATO,080915
08,CUSCO,0809,LA CONVENCION,080916,CIELO PUNCO,080916
08,CUSCO,0809,LA CONVENCION,080917,MANITEA,080917
08,CUSCO,0809,LA CONVENCION,080918,UNION ASHANINKA,080918
08,CUSCO,0810,PARURO,081001,PARURO,081001
08,CUSCO,0810,PARURO,081002,ACCHA,081002
08,CUSCO,0810,PARURO,081003,CCAPI,081003
08,CUSCO,0810,PARURO,081004,COLCHA,081004
08,CUSCO,0810,PARURO,081005,HUANOQUITE,081005
08,CUSCO,0810,PARURO,081006,OMACHA,081006
08,CUSCO,0810,PARURO,081007,PACCARITAMBO,081007
08,CUSCO,0810,PARURO,081008,PILLPINTO,081008
08,CUSCO,0810,PARURO,081009,YAURISQUE,081009
08,CUSCO,0811,PAUCARTAMBO,081101,PAUCARTAMBO,081101
08,CUSCO,0811,PAUCARTAMBO,081102,CAICAY,081102
08,CUSCO,0811,PAUCARTAMBO,081103,CHALLABAMBA,081103
08,CUSCO,0811,PAUCARTAMBO,081104,COLQUEPATA,081104
08,CUSCO,0811,PAUCARTAMBO,081105,HUANCARANI,081105
08,CUSCO,0811,PAUCARTAMBO,081106,KOSÑIPATA,081106
08,CUSCO,0812,QUISPICANCHI,081201,URCOS,081201
08,CUSCO,0812,QUISPICANCHI,081202,ANDAHUAYLILLAS,081202
08,CUSCO,0812,QUISPICANCHI,081203,CAMANTI,081203
08,CUSCO,0812,QUISPICANCHI,081204,CCARHUAYO,081204
08,CUSCO,0812,QUISPICANCHI,081205,CCATCA,081205
08,CUSCO,0812,QUISPICANCHI,081206,CUSIPATA,081206
08,CUSCO,0812,QUISPICANCHI,081207,HUARO,081207
08,CUSCO,0812,QUISPICANCHI,081208,LUCRE,081208
08,CUSCO,0812,QUISPICANCHI,081209,MARCAPATA,081209
08,CUSCO,0812,QUISPICANCHI,081210,OCONGATE,081210
08,CUSCO,0812,QUISPICANCHI,081211,OROPESA,081211
08,CUSCO,0812,QUISPICANCHI,081212,QUIQUIJANA,081212
08,CUSCO,0813,URUBAMBA,081301,URUBAMBA,081301
08,CUSCO,0813,URUBAMBA,081302,CHINCHERO,081302
08,CUSCO,0813,URUBAMBA,081303,HUAYLLABAMBA,081303
08,CUSCO,0813,URUBAMBA,081304,MACHUPICCHU,081304
08,CUSCO,0813,URUBAMBA,081305,MARAS,081305
08,CUSCO,0813,URUBAMBA,081306,OLLANTAYTAMBO,081306
08,CUSCO,0813,URUBAMBA,081307,YUCAY,081307
09,HUANCAVELICA,0901,HUANCAVELICA,090101,HUANCAVELICA,090101
09,HUANCAVELICA,0901,HUANCAVELICA,090102,ACOBAMBILLA,090102
09,HUANCAVELICA,0901,HUANCAVELICA,090103,ACORIA,090103
09,HUANCAVELICA,0901,HUANCAVELICA,090104,CONAYCA,090104
09,HUANCAVELICA,0901,HUANCAVELICA,090105,CUENCA,090105
09,HUANCAVELICA,0901,HUANCAVELICA,090106,HUACHOCOLPA,090106
09,HUANCAVELICA,0901,HUANCAVELICA,090107,HUAYLLAHUARA,090107
09,HUANCAVELICA,0901,HUANCAVELICA,090108,IZCUCHACA,090108
09,HUANCAVELICA,0901,HUANCAVELICA,090109,LARIA,090109
09,HUANCAVELICA,0901,HUANCAVELICA,090110,MANTA,090110
09,HUANCAVELICA,0901,HUANCAVELICA,090111,MARISCAL CACERES,090111
09,HUANCAVELICA,0901,HUANCAVELICA,090112,MOYA,090112
09,HUANCAVELICA,0901,HUANCAVELICA,090113,NUEVO OCCORO,090113
09,HUANCAVELICA,0901,HUANCAVELICA,090114,PALCA,090114
09,HUANCAVELICA,0901,HUANCAVELICA,090115,PILCHACA,090115
09,HUANCAVELICA,0901,HUANCAVELICA,090116,VILCA,090116
09,HUANCAVELICA,0901,HUANCAVELICA,090117,YAULI,090117
09,HUANCAVELICA,0901,HUANCAVELICA,090118,ASCENSION,090118
09,HUANCAVELICA,0901,HUANCAVELICA,090119,HUANDO,090119
09,HUANCAVELICA,0902,ACOBAMBA,090201,ACOBAMBA,090201
09,HUANCAVELICA,0902,ACOBAMBA,090202,ANDABAMBA,090202
09,HUANCAVELICA,0902,ACOBAMBA,090203,ANTA,090203
09,HUANCAVELICA,0902,ACOBAMBA,090204,CAJA,090204
09,HUANCAVELICA,0902,ACOBAMBA,090205,MARCAS,090205
09,HUANCAVELICA,0902,ACOBAMBA,090206,PAUCARA,090206
09,HUANCAVELICA,0902,ACOBAMBA,090207,POMACOCHA,090207
09,HUANCAVELICA,0902,ACOBAMBA,090208,ROSARIO,090208
09,HUANCAVELICA,0903,ANGARAES,090301,LIRCAY,090301
09,HUANCAVELICA,0903,ANGARAES,090302,ANCHONGA,090302
09,HUANCAVELICA,0903,ANGARAES,090303,CALLANMARCA,090303
09,HUANCAVELICA,0903,ANGARAES,090304,CCOCHACCASA,090304
09,HUANCAVELICA,0903,ANGARAES,090305,CHINCHO,090305
09,HUANCAVELICA,0903,ANGARAES,090306,CONGALLA,090306
09,HUANCAVELICA,0903,ANGARAES,090307,HUANCA-HUANCA,090307
09,HUANCAVELICA,0903,ANGARAES,090308,HUAYLLAY GRANDE,090308
09,HUANCAVELICA,0903,ANGARAES,090309,JULCAMARCA,090309
09,HUANCAVELICA,0903,ANGARAES,090310,SAN ANTONIO DE ANTAPARCO,090310
09,HUANCAVELICA,0903,ANGARAES,090311,SANTO TOMAS DE PATA,090311
09,HUANCAVELICA,0903,ANGARAES,090312,SECCLLA,090312
09,HUANCAVELICA,0904,CASTROVIRREYNA,090401,CASTROVIRREYNA,090401
09,HUANCAVELICA,0904,CASTROVIRREYNA,090402,ARMA,090402
09,HUANCAVELICA,0904,CASTROVIRREYNA,090403,AURAHUA,090403
09,HUANCAVELICA,0904,CASTROVIRREYNA,090404,CAPILLAS,090404
09,HUANCAVELICA,0904,CASTROVIRREYNA,090405,CHUPAMARCA,090405
09,HUANCAVELICA,0904,CASTROVIRREYNA,090406,COCAS,090406
09,HUANCAVELICA,0904,CASTROVIRREYNA,090407,HUACHOS,090407
09,HUANCAVELICA,0904,CASTROVIRREYNA,090408,HUAMATAMBO,090408
09,HUANCAVELICA,0904,CASTROVIRREYNA,090409,MOLLEPAMPA,090409
09,HUANCAVELICA,0904,CASTROVIRREYNA,090410,SAN JUAN,090410
09,HUANCAVELICA,0904,CASTROVIRREYNA,090411,SANTA ANA,090411
09,HUANCAVELICA,0904,CASTROVIRREYNA,090412,TANTARA,090412
09,HUANCAVELICA,0904,CASTROVIRREYNA,090413,TICRAPO,090413
09,HUANCAVELICA,0905,CHURCAMPA,090501,CHURCAMPA,090501
09,HUANCAVELICA,0905,CHURCAMPA,090502,ANCO,090502
09,HUANCAVELICA,0905,CHURCAMPA,090503,CHINCHIHUASI,090503
09,HUANCAVELICA,0905,CHURCAMPA,090504,EL CARMEN,090504
09,HUANCAVELICA,0905,CHURCAMPA,090505,LA MERCED,090505
09,HUANCAVELICA,0905,CHURCAMPA,090506,LOCROJA,090506
09,HUANCAVELICA,0905,CHURCAMPA,090507,PAUCARBAMBA,090507
09,HUANCAVELICA,0905,CHURCAMPA,090508,SAN MIGUEL DE MAYOCC,090508
09,HUANCAVELICA,0905,CHURCAMPA,090509,SAN PEDRO DE CORIS,090509
09,HUANCAVELICA,0905,CHURCAMPA,090510,PACHAMARCA,090510
09,HUANCAVELICA,0905,CHURCAMPA,090511,COSME,090511
09,HUANCAVELICA,0906,HUAYTARA,090601,HUAYTARA,090601
09,HUANCAVELICA,0906,HUAYTARA,090602,AYAVI,090602
09,HUANCAVELICA,0906,HUAYTARA,090603,CORDOVA,090603
09,HUANCAVELICA,0906,HUAYTARA,090604,HUAYACUNDO ARMA,090604
09,HUANCAVELICA,0906,HUAYTARA,090605,LARAMARCA,090605
09,HUANCAVELICA,0906,HUAYTARA,090606,OCOYO,090606
09,HUANCAVELICA,0906,HUAYTARA,090607,PILPICHACA,090607
09,HUANCAVELICA,0906,HUAYTARA,090608,QUERCO,090608
09,HUANCAVELICA,0906,HUAYTARA,090609,QUITO-ARMA,090609
09,HUANCAVELICA,0906,HUAYTARA,090610,SAN ANTONIO DE CUSICANCHA,090610
09,HUANCAVELICA,0906,HUAYTARA,090611,SAN FRANCISCO DE SANGAYAICO,090611
09,HUANCAVELICA,0906,HUAYTARA,090612,SAN ISIDRO,090612
09,HUANCAVELICA,0906,HUAYTARA,090613,SANTIAGO DE CHOCORVOS,090613
09,HUANCAVELICA,0906,HUAYTARA,090614,SANTIAGO DE QUIRAHUARA,090614
09,HUANCAVELICA,0906,HUAYTARA,090615,SANTO DOMINGO DE CAPILLAS,090615
09,HUANCAVELICA,0906,HUAYTARA,090616,TAMBO,090616
09,HUANCAVELICA,0907,TAYACAJA,090701,PAMPAS,090701
09,HUANCAVELICA,0907,TAYACAJA,090702,ACOSTAMBO,090702
09,HUANCAVELICA,0907,TAYACAJA,090703,ACRAQUIA,090703
09,HUANCAVELICA,0907,TAYACAJA,090704,AHUAYCHA,090704
09,HUANCAVELICA,0907,TAYACAJA,090705,COLCABAMBA,090705
09,HUANCAVELICA,0907,TAYACAJA,090706,DANIEL HERNANDEZ,090706
09,HUANCAVELICA,0907,TAYACAJA,090707,HUACHOCOLPA,090707
09,HUANCAVELICA,0907,TAYACAJA,090709,HUARIBAMBA,090709
09,HUANCAVELICA,0907,TAYACAJA,090710,ÑAHUIMPUQUIO,090710
09,HUANCAVELICA,0907,TAYACAJA,090711,PAZOS,090711
09,HUANCAVELICA,0907,TAYACAJA,090713,QUISHUAR,090713
09,HUANCAVELICA,0907,TAYACAJA,090714,SALCABAMBA,090714
09,HUANCAVELICA,0907,TAYACAJA,090715,SALCAHUASI,090715
09,HUANCAVELICA,0907,TAYACAJA,090716,SAN MARCOS DE ROCCHAC,090716
09,HUANCAVELICA,0907,TAYACAJA,090717,SURCUBAMBA,090717
09,HUANCAVELICA,0907,TAYACAJA,090718,TINTAY PUNCU,090718
09,HUANCAVELICA,0907,TAYACAJA,090719,QUICHUAS,090719
09,HUANCAVELICA,0907,TAYACAJA,090720,ANDAYMARCA,090720
09,HUANCAVELICA,0907,TAYACAJA,090721,ROBLE,090721
09,HUANCAVELICA,0907,TAYACAJA,090722,PICHOS,090722
09,HUANCAVELICA,0907,TAYACAJA,090723,SANTIAGO DE TUCUMA,090723
09,HUANCAVELICA,0907,TAYACAJA,090724,LAMBRAS,090724
09,HUANCAVELICA,0907,TAYACAJA,090725,COCHABAMBA,090725
10,HUANUCO,1001,HUANUCO,100101,HUANUCO,100101
10,HUANUCO,1001,HUANUCO,100102,AMARILIS,100102
10,HUANUCO,1001,HUANUCO,100103,CHINCHAO,100103
10,HUANUCO,1001,HUANUCO,100104,CHURUBAMBA,100104
10,HUANUCO,1001,HUANUCO,100105,MARGOS,100105
10,HUANUCO,1001,HUANUCO,100106,QUISQUI (KICHKI),100106
10,HUANUCO,1001,HUANUCO,100107,SAN FRANCISCO DE CAYRAN,100107
10,HUANUCO,1001,HUANUCO,100108,SAN PEDRO DE CHAULAN,100108
10,HUANUCO,1001,HUANUCO,100109,SANTA MARIA DEL VALLE,100109
10,HUANUCO,1001,HUANUCO,100110,YARUMAYO,100110
10,HUANUCO,1001,HUANUCO,100111,PILLCO MARCA,100111
10,HUANUCO,1001,HUANUCO,100112,YACUS,100112
10,HUANUCO,1001,HUANUCO,100113,SAN PABLO DE PILLAO,100113
10,HUANUCO,1002,AMBO,100201,AMBO,100201
10,HUANUCO,1002,AMBO,100202,CAYNA,100202
10,HUANUCO,1002,AMBO,100203,COLPAS,100203
10,HUANUCO,1002,AMBO,100204,CONCHAMARCA,100204
10,HUANUCO,1002,AMBO,100205,HUACAR,100205
10,HUANUCO,1002,AMBO,100206,SAN FRANCISCO,100206
10,HUANUCO,1002,AMBO,100207,SAN RAFAEL,100207
10,HUANUCO,1002,AMBO,100208,TOMAY KICHWA,100208
10,HUANUCO,1003,DOS DE MAYO,100301,LA UNION,100301
10,HUANUCO,1003,DOS DE MAYO,100307,CHUQUIS,100307
10,HUANUCO,1003,DOS DE MAYO,100311,MARIAS,100311
10,HUANUCO,1003,DOS DE MAYO,100313,PACHAS,100313
10,HUANUCO,1003,DOS DE MAYO,100316,QUIVILLA,100316
10,HUANUCO,1003,DOS DE MAYO,100317,RIPAN,100317
10,HUANUCO,1003,DOS DE MAYO,100321,SHUNQUI,100321
10,HUANUCO,1003,DOS DE MAYO,100322,SILLAPATA,100322
10,HUANUCO,1003,DOS DE MAYO,100323,YANAS,100323
10,HUANUCO,1004,HUACAYBAMBA,100401,HUACAYBAMBA,100401
10,HUANUCO,1004,HUACAYBAMBA,100402,CANCHABAMBA,100402
10,HUANUCO,1004,HUACAYBAMBA,100403,COCHABAMBA,100403
10,HUANUCO,1004,HUACAYBAMBA,100404,PINRA,100404
10,HUANUCO,1005,HUAMALIES,100501,LLATA,100501
10,HUANUCO,1005,HUAMALIES,100502,ARANCAY,100502
10,HUANUCO,1005,HUAMALIES,100503,CHAVIN DE PARIARCA,100503
10,HUANUCO,1005,HUAMALIES,100504,JACAS GRANDE,100504
10,HUANUCO,1005,HUAMALIES,100505,JIRCAN,100505
10,HUANUCO,1005,HUAMALIES,100506,MIRAFLORES,100506
10,HUANUCO,1005,HUAMALIES,100507,MONZON,100507
10,HUANUCO,1005,HUAMALIES,100508,PUNCHAO,100508
10,HUANUCO,1005,HUAMALIES,100509,PUÑOS,100509
10,HUANUCO,1005,HUAMALIES,100510,SINGA,100510
10,HUANUCO,1005,HUAMALIES,100511,TANTAMAYO,100511
10,HUANUCO,1006,LEONCIO PRADO,100601,RUPA-RUPA,100601
10,HUANUCO,1006,LEONCIO PRADO,100602,DANIEL ALOMIA ROBLES,100602
10,HUANUCO,1006,LEONCIO PRADO,100603,HERMILIO VALDIZAN,100603
10,HUANUCO,1006,LEONCIO PRADO,100604,JOSE CRESPO Y CASTILLO,100604
10,HUANUCO,1006,LEONCIO PRADO,100605,LUYANDO,100605
10,HUANUCO,1006,LEONCIO PRADO,100606,MARIANO DAMASO BERAUN,100606
10,HUANUCO,1006,LEONCIO PRADO,100607,PUCAYACU,100607
10,HUANUCO,1006,LEONCIO PRADO,100608,CASTILLO GRANDE,100608
10,HUANUCO,1006,LEONCIO PRADO,100609,PUEBLO NUEVO,100609
10,HUANUCO,1006,LEONCIO PRADO,100610,SANTO DOMINGO DE ANDA,100610
10,HUANUCO,1007,MARAÑON,100701,HUACRACHUCO,100701
10,HUANUCO,1007,MARAÑON,100702,CHOLON,100702
10,HUANUCO,1007,MARAÑON,100703,SAN BUENAVENTURA,100703
10,HUANUCO,1007,MARAÑON,100704,LA MORADA,100704
10,HUANUCO,1007,MARAÑON,100705,SANTA ROSA DE ALTO YANAJANCA,100705
10,HUANUCO,1008,PACHITEA,100801,PANAO,100801
10,HUANUCO,1008,PACHITEA,100802,CHAGLLA,100802
10,HUANUCO,1008,PACHITEA,100803,MOLINO,100803
10,HUANUCO,1008,PACHITEA,100804,UMARI,100804
10,HUANUCO,1009,PUERTO INCA,100901,PUERTO INCA,100901
10,HUANUCO,1009,PUERTO INCA,100902,CODO DEL POZUZO,100902
10,HUANUCO,1009,PUERTO INCA,100903,HONORIA,100903
10,HUANUCO,1009,PUERTO INCA,100904,TOURNAVISTA,100904
10,HUANUCO,1009,PUERTO INCA,100905,YUYAPICHIS,100905
10,HUANUCO,1010,LAURICOCHA,101001,JESUS,101001
10,HUANUCO,1010,LAURICOCHA,101002,BAÑOS,101002
10,HUANUCO,1010,LAURICOCHA,101003,JIVIA,101003
10,HUANUCO,1010,LAURICOCHA,101004,QUEROPALCA,101004
10,HUANUCO,1010,LAURICOCHA,101005,RONDOS,101005
10,HUANUCO,1010,LAURICOCHA,101006,SAN FRANCISCO DE ASIS,101006
10,HUANUCO,1010,LAURICOCHA,101007,SAN MIGUEL DE CAURI,101007
10,HUANUCO,1011,YAROWILCA,101101,CHAVINILLO,101101
10,HUANUCO,1011,YAROWILCA,101102,CAHUAC,101102
10,HUANUCO,1011,YAROWILCA,101103,CHACABAMBA,101103
10,HUANUCO,1011,YAROWILCA,101104,APARICIO POMARES,101104
10,HUANUCO,1011,YAROWILCA,101105,JACAS CHICO,101105
10,HUANUCO,1011,YAROWILCA,101106,OBAS,101106
10,HUANUCO,1011,YAROWILCA,101107,PAMPAMARCA,101107
10,HUANUCO,1011,YAROWILCA,101108,CHORAS,101108
11,ICA,1101,ICA,110101,ICA,110101
11,ICA,1101,ICA,110102,LA TINGUIÑA,110102
11,ICA,1101,ICA,110103,LOS AQUIJES,110103
11,ICA,1101,ICA,110104,OCUCAJE,110104
11,ICA,1101,ICA,110105,PACHACUTEC,110105
11,ICA,1101,ICA,110106,PARCONA,110106
11,ICA,1101,ICA,110107,PUEBLO NUEVO,110107
11,ICA,1101,ICA,110108,SALAS,110108
11,ICA,1101,ICA,110109,SAN JOSE DE LOS MOLINOS,110109
11,ICA,1101,ICA,110110,SAN JUAN BAUTISTA,110110
11,ICA,1101,ICA,110111,SANTIAGO,110111
11,ICA,1101,ICA,110112,SUBTANJALLA,110112
11,ICA,1101,ICA,110113,TATE,110113
11,ICA,1101,ICA,110114,YAUCA DEL ROSARIO,110114
11,ICA,1102,CHINCHA,110201,CHINCHA ALTA,110201
11,ICA,1102,CHINCHA,110202,ALTO LARAN,110202
11,ICA,1102,CHINCHA,110203,CHAVIN,110203
11,ICA,1102,CHINCHA,110204,CHINCHA BAJA,110204
11,ICA,1102,CHINCHA,110205,EL CARMEN,110205
11,ICA,1102,CHINCHA,110206,GROCIO PRADO,110206
11,ICA,1102,CHINCHA,110207,PUEBLO NUEVO,110207
11,ICA,1102,CHINCHA,110208,SAN JUAN DE YANAC,110208
11,ICA,1102,CHINCHA,110209,SAN PEDRO DE HUACARPANA,110209
11,ICA,1102,CHINCHA,110210,SUNAMPE,110210
11,ICA,1102,CHINCHA,110211,TAMBO DE MORA,110211
11,ICA,1103,NASCA,110301,NASCA,110301
11,ICA,1103,NASCA,110302,CHANGUILLO,110302
11,ICA,1103,NASCA,110303,EL INGENIO,110303
11,ICA,1103,NASCA,110304,MARCONA,110304
11,ICA,1103,NASCA,110305,VISTA ALEGRE,110305
11,ICA,1104,PALPA,110401,PALPA,110401
11,ICA,1104,PALPA,110402,LLIPATA,110402
11,ICA,1104,PALPA,110403,RIO GRANDE,110403
11,ICA,1104,PALPA,110404,SANTA CRUZ,110404
11,ICA,1104,PALPA,110405,TIBILLO,110405
11,ICA,1105,PISCO,110501,PISCO,110501
11,ICA,1105,PISCO,110502,HUANCANO,110502
11,ICA,1105,PISCO,110503,HUMAY,110503
11,ICA,1105,PISCO,110504,INDEPENDENCIA,110504
11,ICA,1105,PISCO,110505,PARACAS,110505
11,ICA,1105,PISCO,110506,SAN ANDRES,110506
11,ICA,1105,PISCO,110507,SAN CLEMENTE,110507
11,ICA,1105,PISCO,110508,TUPAC AMARU INCA,110508
12,JUNIN,1201,HUANCAYO,120101,HUANCAYO,120101
12,JUNIN,1201,HUANCAYO,120104,CARHUACALLANGA,120104
12,JUNIN,1201,HUANCAYO,120105,CHACAPAMPA,120105
12,JUNIN,1201,HUANCAYO,120106,CHICCHE,120106
12,JUNIN,1201,HUANCAYO,120107,CHILCA,120107
12,JUNIN,1201,HUANCAYO,120108,CHONGOS ALTO,120108
12,JUNIN,1201,HUANCAYO,120111,CHUPURO,120111
12,JUNIN,1201,HUANCAYO,120112,COLCA,120112
12,JUNIN,1201,HUANCAYO,120113,CULLHUAS,120113
12,JUNIN,1201,HUANCAYO,120114,EL TAMBO,120114
12,JUNIN,1201,HUANCAYO,120116,HUACRAPUQUIO,120116
12,JUNIN,1201,HUANCAYO,120117,HUALHUAS,120117
12,JUNIN,1201,HUANCAYO,120119,HUANCAN,120119
12,JUNIN,1201,HUANCAYO,120120,HUASICANCHA,120120
12,JUNIN,1201,HUANCAYO,120121,HUAYUCACHI,120121
12,JUNIN,1201,HUANCAYO,120122,INGENIO,120122
12,JUNIN,1201,HUANCAYO,120124,PARIAHUANCA,120124
12,JUNIN,1201,HUANCAYO,120125,PILCOMAYO,120125
12,JUNIN,1201,HUANCAYO,120126,PUCARA,120126
12,JUNIN,1201,HUANCAYO,120127,QUICHUAY,120127
12,JUNIN,1201,HUANCAYO,120128,QUILCAS,120128
12,JUNIN,1201,HUANCAYO,120129,SAN AGUSTIN,120129
12,JUNIN,1201,HUANCAYO,120130,SAN JERONIMO DE TUNAN,120130
12,JUNIN,1201,HUANCAYO,120132,SAÑO,120132
12,JUNIN,1201,HUANCAYO,120133,SAPALLANGA,120133
12,JUNIN,1201,HUANCAYO,120134,SICAYA,120134
12,JUNIN,1201,HUANCAYO,120135,SANTO DOMINGO DE ACOBAMBA,120135
12,JUNIN,1201,HUANCAYO,120136,VIQUES,120136
12,JUNIN,1202,CONCEPCION,120201,CONCEPCION,120201
12,JUNIN,1202,CONCEPCION,120202,ACO,120202
12,JUNIN,1202,CONCEPCION,120203,ANDAMARCA,120203
12,JUNIN,1202,CONCEPCION,120204,CHAMBARA,120204
12,JUNIN,1202,CONCEPCION,120205,COCHAS,120205
12,JUNIN,1202,CONCEPCION,120206,COMAS,120206
12,JUNIN,1202,CONCEPCION,120207,HEROINAS TOLEDO,120207
12,JUNIN,1202,CONCEPCION,120208,MANZANARES,120208
12,JUNIN,1202,CONCEPCION,120209,MARISCAL CASTILLA,120209
12,JUNIN,1202,CONCEPCION,120210,MATAHUASI,120210
12,JUNIN,1202,CONCEPCION,120211,MITO,120211
12,JUNIN,1202,CONCEPCION,120212,NUEVE DE JULIO,120212
12,JUNIN,1202,CONCEPCION,120213,ORCOTUNA,120213
12,JUNIN,1202,CONCEPCION,120214,SAN JOSE DE QUERO,120214
12,JUNIN,1202,CONCEPCION,120215,SANTA ROSA DE OCOPA,120215
12,JUNIN,1203,CHANCHAMAYO,120301,CHANCHAMAYO,120301
12,JUNIN,1203,CHANCHAMAYO,120302,PERENE,120302
12,JUNIN,1203,CHANCHAMAYO,120303,PICHANAQUI,120303
12,JUNIN,1203,CHANCHAMAYO,120304,SAN LUIS DE SHUARO,120304
12,JUNIN,1203,CHANCHAMAYO,120305,SAN RAMON,120305
12,JUNIN,1203,CHANCHAMAYO,120306,VITOC,120306
12,JUNIN,1204,JAUJA,120401,JAUJA,120401
12,JUNIN,1204,JAUJA,120402,ACOLLA,120402
12,JUNIN,1204,JAUJA,120403,APATA,120403
12,JUNIN,1204,JAUJA,120404,ATAURA,120404
12,JUNIN,1204,JAUJA,120405,CANCHAYLLO,120405
12,JUNIN,1204,JAUJA,120406,CURICACA,120406
12,JUNIN,1204,JAUJA,120407,EL MANTARO,120407
12,JUNIN,1204,JAUJA,120408,HUAMALI,120408
12,JUNIN,1204,JAUJA,120409,HUARIPAMPA,120409
12,JUNIN,1204,JAUJA,120410,HUERTAS,120410
12,JUNIN,1204,JAUJA,120411,JANJAILLO,120411
12,JUNIN,1204,JAUJA,120412,JULCAN,120412
12,JUNIN,1204,JAUJA,120413,LEONOR ORDOÑEZ,120413
12,JUNIN,1204,JAUJA,120414,LLOCLLAPAMPA,120414
12,JUNIN,1204,JAUJA,120415,MARCO,120415
12,JUNIN,1204,JAUJA,120416,MASMA,120416
12,JUNIN,1204,JAUJA,120417,MASMA CHICCHE,120417
12,JUNIN,1204,JAUJA,120418,MOLINOS,120418
12,JUNIN,1204,JAUJA,120419,MONOBAMBA,120419
12,JUNIN,1204,JAUJA,120420,MUQUI,120420
12,JUNIN,1204,JAUJA,120421,MUQUIYAUYO,120421
12,JUNIN,1204,JAUJA,120422,PACA,120422
12,JUNIN,1204,JAUJA,120423,PACCHA,120423
12,JUNIN,1204,JAUJA,120424,PANCAN,120424
12,JUNIN,1204,JAUJA,120425,PARCO,120425
12,JUNIN,1204,JAUJA,120426,POMACANCHA,120426
12,JUNIN,1204,JAUJA,120427,RICRAN,120427
12,JUNIN,1204,JAUJA,120428,SAN LORENZO,120428
12,JUNIN,1204,JAUJA,120429,SAN PEDRO DE CHUNAN,120429
12,JUNIN,1204,JAUJA,120430,SAUSA,120430
12,JUNIN,1204,JAUJA,120431,SINCOS,120431
12,JUNIN,1204,JAUJA,120432,TUNAN MARCA,120432
12,JUNIN,1204,JAUJA,120433,YAULI,120433
12,JUNIN,1204,JAUJA,120434,YAUYOS,120434
12,JUNIN,1205,JUNIN,120501,JUNIN,120501
12,JUNIN,1205,JUNIN,120502,CARHUAMAYO,120502
12,JUNIN,1205,JUNIN,120503,ONDORES,120503
12,JUNIN,1205,JUNIN,120504,ULCUMAYO,120504
12,JUNIN,1206,SATIPO,120601,SATIPO,120601
12,JUNIN,1206,SATIPO,120602,COVIRIALI,120602
12,JUNIN,1206,SATIPO,120603,LLAYLLA,120603
12,JUNIN,1206,SATIPO,120604,MAZAMARI,120604
12,JUNIN,1206,SATIPO,120605,PAMPA HERMOSA,120605
12,JUNIN,1206,SATIPO,120606,PANGOA,120606
12,JUNIN,1206,SATIPO,120607,RIO NEGRO,120607
12,JUNIN,1206,SATIPO,120608,RIO TAMBO,120608
12,JUNIN,1206,SATIPO,120609,VIZCATÁN DEL ENE,120609
12,JUNIN,1207,TARMA,120701,TARMA,120701
12,JUNIN,1207,TARMA,120702,ACOBAMBA,120702
12,JUNIN,1207,TARMA,120703,HUARICOLCA,120703
12,JUNIN,1207,TARMA,120704,HUASAHUASI,120704
12,JUNIN,1207,TARMA,120705,LA UNION,120705
12,JUNIN,1207,TARMA,120706,PALCA,120706
12,JUNIN,1207,TARMA,120707,PALCAMAYO,120707
12,JUNIN,1207,TARMA,120708,SAN PEDRO DE CAJAS,120708
12,JUNIN,1207,TARMA,120709,TAPO,120709
12,JUNIN,1208,YAULI,120801,LA OROYA,120801
12,JUNIN,1208,YAULI,120802,CHACAPALPA,120802
12,JUNIN,1208,YAULI,120803,HUAY-HUAY,120803
12,JUNIN,1208,YAULI,120804,MARCAPOMACOCHA,120804
12,JUNIN,1208,YAULI,120805,MOROCOCHA,120805
12,JUNIN,1208,YAULI,120806,PACCHA,120806
12,JUNIN,1208,YAULI,120807,SANTA BARBARA DE CARHUACAYAN,120807
12,JUNIN,1208,YAULI,120808,SANTA ROSA DE SACCO,120808
12,JUNIN,1208,YAULI,120809,SUITUCANCHA,120809
12,JUNIN,1208,YAULI,120810,YAULI,120810
12,JUNIN,1209,CHUPACA,120901,CHUPACA,120901
12,JUNIN,1209,CHUPACA,120902,AHUAC,120902
12,JUNIN,1209,CHUPACA,120903,CHONGOS BAJO,120903
12,JUNIN,1209,CHUPACA,120904,HUACHAC,120904
12,JUNIN,1209,CHUPACA,120905,HUAMANCACA CHICO,120905
12,JUNIN,1209,CHUPACA,120906,SAN JUAN DE ISCOS,120906
12,JUNIN,1209,CHUPACA,120907,SAN JUAN DE JARPA,120907
12,JUNIN,1209,CHUPACA,120908,TRES DE DICIEMBRE,120908
12,JUNIN,1209,CHUPACA,120909,YANACANCHA,120909
13,LA LIBERTAD,1301,TRUJILLO,130101,TRUJILLO,130101
13,LA LIBERTAD,1301,TRUJILLO,130102,EL PORVENIR,130102
13,LA LIBERTAD,1301,TRUJILLO,130103,FLORENCIA DE MORA,130103
13,LA LIBERTAD,1301,TRUJILLO,130104,HUANCHACO,130104
13,LA LIBERTAD,1301,TRUJILLO,130105,LA ESPERANZA,130105
13,LA LIBERTAD,1301,TRUJILLO,130106,LAREDO,130106
13,LA LIBERTAD,1301,TRUJILLO,130107,MOCHE,130107
13,LA LIBERTAD,1301,TRUJILLO,130108,POROTO,130108
13,LA LIBERTAD,1301,TRUJILLO,130109,SALAVERRY,130109
13,LA LIBERTAD,1301,TRUJILLO,130110,SIMBAL,130110
13,LA LIBERTAD,1301,TRUJILLO,130111,VICTOR LARCO HERRERA,130111
13,LA LIBERTAD,1301,TRUJILLO,130112,ALTO TRUJILLO,130112
13,LA LIBERTAD,1302,ASCOPE,130201,ASCOPE,130201
13,LA LIBERTAD,1302,ASCOPE,130202,CHICAMA,130202
13,LA LIBERTAD,1302,ASCOPE,130203,CHOCOPE,130203
13,LA LIBERTAD,1302,ASCOPE,130204,MAGDALENA DE CAO,130204
13,LA LIBERTAD,1302,ASCOPE,130205,PAIJAN,130205
13,LA LIBERTAD,1302,ASCOPE,130206,RAZURI,130206
13,LA LIBERTAD,1302,ASCOPE,130207,SANTIAGO DE CAO,130207
13,LA LIBERTAD,1302,ASCOPE,130208,CASA GRANDE,130208
13,LA LIBERTAD,1303,BOLIVAR,130301,BOLIVAR,130301
13,LA LIBERTAD,1303,BOLIVAR,130302,BAMBAMARCA,130302
13,LA LIBERTAD,1303,BOLIVAR,130303,CONDORMARCA,130303
13,LA LIBERTAD,1303,BOLIVAR,130304,LONGOTEA,130304
13,LA LIBERTAD,1303,BOLIVAR,130305,UCHUMARCA,130305
13,LA LIBERTAD,1303,BOLIVAR,130306,UCUNCHA,130306
13,LA LIBERTAD,1304,CHEPEN,130401,CHEPEN,130401
13,LA LIBERTAD,1304,CHEPEN,130402,PACANGA,130402
13,LA LIBERTAD,1304,CHEPEN,130403,PUEBLO NUEVO,130403
13,LA LIBERTAD,1305,JULCAN,130501,JULCAN,130501
13,LA LIBERTAD,1305,JULCAN,130502,CALAMARCA,130502
13,LA LIBERTAD,1305,JULCAN,130503,CARABAMBA,130503
13,LA LIBERTAD,1305,JULCAN,130504,HUASO,130504
13,LA LIBERTAD,1306,OTUZCO,130601,OTUZCO,130601
13,LA LIBERTAD,1306,OTUZCO,130602,AGALLPAMPA,130602
13,LA LIBERTAD,1306,OTUZCO,130604,CHARAT,130604
13,LA LIBERTAD,1306,OTUZCO,130605,HUARANCHAL,130605
13,LA LIBERTAD,1306,OTUZCO,130606,LA CUESTA,130606
13,LA LIBERTAD,1306,OTUZCO,130608,MACHE,130608
13,LA LIBERTAD,1306,OTUZCO,130610,PARANDAY,130610
13,LA LIBERTAD,1306,OTUZCO,130611,SALPO,130611
13,LA LIBERTAD,1306,OTUZCO,130613,SINSICAP,130613
13,LA LIBERTAD,1306,OTUZCO,130614,USQUIL,130614
13,LA LIBERTAD,1307,PACASMAYO,130701,SAN PEDRO DE LLOC,130701
13,LA LIBERTAD,1307,PACASMAYO,130702,GUADALUPE,130702
13,LA LIBERTAD,1307,PACASMAYO,130703,JEQUETEPEQUE,130703
13,LA LIBERTAD,1307,PACASMAYO,130704,PACASMAYO,130704
13,LA LIBERTAD,1307,PACASMAYO,130705,SAN JOSE,130705
13,LA LIBERTAD,1308,PATAZ,130801,TAYABAMBA,130801
13,LA LIBERTAD,1308,PATAZ,130802,BULDIBUYO,130802
13,LA LIBERTAD,1308,PATAZ,130803,CHILLIA,130803
13,LA LIBERTAD,1308,PATAZ,130804,HUANCASPATA,130804
13,LA LIBERTAD,1308,PATAZ,130805,HUAYLILLAS,130805
13,LA LIBERTAD,1308,PATAZ,130806,HUAYO,130806
13,LA LIBERTAD,1308,PATAZ,130807,ONGON,130807
13,LA LIBERTAD,1308,PATAZ,130808,PARCOY,130808
13,LA LIBERTAD,1308,PATAZ,130809,PATAZ,130809
13,LA LIBERTAD,1308,PATAZ,130810,PIAS,130810
13,LA LIBERTAD,1308,PATAZ,130811,SANTIAGO DE CHALLAS,130811
13,LA LIBERTAD,1308,PATAZ,130812,TAURIJA,130812
13,LA LIBERTAD,1308,PATAZ,130813,URPAY,130813
13,LA LIBERTAD,1309,SANCHEZ CARRION,130901,HUAMACHUCO,130901
13,LA LIBERTAD,1309,SANCHEZ CARRION,130902,CHUGAY,130902
13,LA LIBERTAD,1309,SANCHEZ CARRION,130903,COCHORCO,130903
13,LA LIBERTAD,1309,SANCHEZ CARRION,130904,CURGOS,130904
13,LA LIBERTAD,1309,SANCHEZ CARRION,130905,MARCABAL,130905
13,LA LIBERTAD,1309,SANCHEZ CARRION,130906,SANAGORAN,130906
13,LA LIBERTAD,1309,SANCHEZ CARRION,130907,SARIN,130907
13,LA LIBERTAD,1309,SANCHEZ CARRION,130908,SARTIMBAMBA,130908
13,LA LIBERTAD,1310,SANTIAGO DE CHUCO,131001,SANTIAGO DE CHUCO,131001
13,LA LIBERTAD,1310,SANTIAGO DE CHUCO,131002,ANGASMARCA,131002
13,LA LIBERTAD,1310,SANTIAGO DE CHUCO,131003,CACHICADAN,131003
13,LA LIBERTAD,1310,SANTIAGO DE CHUCO,131004,MOLLEBAMBA,131004
13,LA LIBERTAD,1310,SANTIAGO DE CHUCO,131005,MOLLEPATA,131005
13,LA LIBERTAD,1310,SANTIAGO DE CHUCO,131006,QUIRUVILCA,131006
13,LA LIBERTAD,1310,SANTIAGO DE CHUCO,131007,SANTA CRUZ DE CHUCA,131007
13,LA LIBERTAD,1310,SANTIAGO DE CHUCO,131008,SITABAMBA,131008
13,LA LIBERTAD,1311,GRAN CHIMU,131101,CASCAS,131101
13,LA LIBERTAD,1311,GRAN CHIMU,131102,LUCMA,131102
13,LA LIBERTAD,1311,GRAN CHIMU,131103,MARMOT,131103
13,LA LIBERTAD,1311,GRAN CHIMU,131104,SAYAPULLO,131104
13,LA LIBERTAD,1312,VIRU,131201,VIRU,131201
13,LA LIBERTAD,1312,VIRU,131202,CHAO,131202
13,LA LIBERTAD,1312,VIRU,131203,GUADALUPITO,131203
14,LAMBAYEQUE,1401,CHICLAYO,140101,CHICLAYO,140101
14,LAMBAYEQUE,1401,CHICLAYO,140102,CHONGOYAPE,140102
14,LAMBAYEQUE,1401,CHICLAYO,140103,ETEN,140103
14,LAMBAYEQUE,1401,CHICLAYO,140104,ETEN PUERTO,140104
14,LAMBAYEQUE,1401,CHICLAYO,140105,JOSE LEONARDO ORTIZ,140105
14,LAMBAYEQUE,1401,CHICLAYO,140106,LA VICTORIA,140106
14,LAMBAYEQUE,1401,CHICLAYO,140107,LAGUNAS,140107
14,LAMBAYEQUE,1401,CHICLAYO,140108,MONSEFU,140108
14,LAMBAYEQUE,1401,CHICLAYO,140109,NUEVA ARICA,140109
14,LAMBAYEQUE,1401,CHICLAYO,140110,OYOTUN,140110
14,LAMBAYEQUE,1401,CHICLAYO,140111,PICSI,140111
14,LAMBAYEQUE,1401,CHICLAYO,140112,PIMENTEL,140112
14,LAMBAYEQUE,1401,CHICLAYO,140113,REQUE,140113
14,LAMBAYEQUE,1401,CHICLAYO,140114,SANTA ROSA,140114
14,LAMBAYEQUE,1401,CHICLAYO,140115,SAÑA,140115
14,LAMBAYEQUE,1401,CHICLAYO,140116,CAYALTI,140116
14,LAMBAYEQUE,1401,CHICLAYO,140117,PATAPO,140117
14,LAMBAYEQUE,1401,CHICLAYO,140118,POMALCA,140118
14,LAMBAYEQUE,1401,CHICLAYO,140119,PUCALA,140119
14,LAMBAYEQUE,1401,CHICLAYO,140120,TUMAN,140120
14,LAMBAYEQUE,1402,FERREÑAFE,140201,FERREÑAFE,140201
14,LAMBAYEQUE,1402,FERREÑAFE,140202,CAÑARIS,140202
14,LAMBAYEQUE,1402,FERREÑAFE,140203,INCAHUASI,140203
14,LAMBAYEQUE,1402,FERREÑAFE,140204,MANUEL ANTONIO MESONES MURO,140204
14,LAMBAYEQUE,1402,FERREÑAFE,140205,PITIPO,140205
14,LAMBAYEQUE,1402,FERREÑAFE,140206,PUEBLO NUEVO,140206
14,LAMBAYEQUE,1403,LAMBAYEQUE,140301,LAMBAYEQUE,140301
14,LAMBAYEQUE,1403,LAMBAYEQUE,140302,CHOCHOPE,140302
14,LAMBAYEQUE,1403,LAMBAYEQUE,140303,ILLIMO,140303
14,LAMBAYEQUE,1403,LAMBAYEQUE,140304,JAYANCA,140304
14,LAMBAYEQUE,1403,LAMBAYEQUE,140305,MOCHUMI,140305
14,LAMBAYEQUE,1403,LAMBAYEQUE,140306,MORROPE,140306
14,LAMBAYEQUE,1403,LAMBAYEQUE,140307,MOTUPE,140307
14,LAMBAYEQUE,1403,LAMBAYEQUE,140308,OLMOS,140308
14,LAMBAYEQUE,1403,LAMBAYEQUE,140309,PACORA,140309
14,LAMBAYEQUE,1403,LAMBAYEQUE,140310,SALAS,140310
14,LAMBAYEQUE,1403,LAMBAYEQUE,140311,SAN JOSE,140311
14,LAMBAYEQUE,1403,LAMBAYEQUE,140312,TUCUME,140312
15,LIMA,1501,LIMA,150101,LIMA,150101
15,LIMA,1501,LIMA,150102,ANCON,150102
15,LIMA,1501,LIMA,150103,ATE,150103
15,LIMA,1501,LIMA,150104,BARRANCO,150104
15,LIMA,1501,LIMA,150105,BREÑA,150105
15,LIMA,1501,LIMA,150106,CARABAYLLO,150106
15,LIMA,1501,LIMA,150107,CHACLACAYO,150107
15,LIMA,1501,LIMA,150108,CHORRILLOS,150108
15,LIMA,1501,LIMA,150109,CIENEGUILLA,150109
15,LIMA,1501,LIMA,150110,COMAS,150110
15,LIMA,1501,LIMA,150111,EL AGUSTINO,150111
15,LIMA,1501,LIMA,150112,INDEPENDENCIA,150112
15,LIMA,1501,LIMA,150113,JESUS MARIA,150113
15,LIMA,1501,LIMA,150114,LA MOLINA,150114
15,LIMA,1501,LIMA,150115,LA VICTORIA,150115
15,LIMA,1501,LIMA,150116,LINCE,150116
15,LIMA,1501,LIMA,150117,LOS OLIVOS,150117
15,LIMA,1501,LIMA,150118,LURIGANCHO,150118
15,LIMA,1501,LIMA,150119,LURIN,150119
15,LIMA,1501,LIMA,150120,MAGDALENA DEL MAR,150120
15,LIMA,1501,LIMA,150121,PUEBLO LIBRE,150121
15,LIMA,1501,LIMA,150122,MIRAFLORES,150122
15,LIMA,1501,LIMA,150123,PACHACAMAC,150123
15,LIMA,1501,LIMA,150124,PUCUSANA,150124
15,LIMA,1501,LIMA,150125,PUENTE PIEDRA,150125
15,LIMA,1501,LIMA,150126,PUNTA HERMOSA,150126
15,LIMA,1501,LIMA,150127,PUNTA NEGRA,150127
15,LIMA,1501,LIMA,150128,RIMAC,150128
15,LIMA,1501,LIMA,150129,SAN BARTOLO,150129
15,LIMA,1501,LIMA,150130,SAN BORJA,150130
15,LIMA,1501,LIMA,150131,SAN ISIDRO,150131
15,LIMA,1501,LIMA,150132,SAN JUAN DE LURIGANCHO,150132
15,LIMA,1501,LIMA,150133,SAN JUAN DE MIRAFLORES,150133
15,LIMA,1501,LIMA,150134,SAN LUIS,150134
15,LIMA,1501,LIMA,150135,SAN MARTIN DE PORRES,150135
15,LIMA,1501,LIMA,150136,SAN MIGUEL,150136
15,LIMA,1501,LIMA,150137,SANTA ANITA,150137
15,LIMA,1501,LIMA,150138,SANTA MARIA DEL MAR,150138
15,LIMA,1501,LIMA,150139,SANTA ROSA,150139
15,LIMA,1501,LIMA,150140,SANTIAGO DE SURCO,150140
15,LIMA,1501,LIMA,150141,SURQUILLO,150141
15,LIMA,1501,LIMA,150142,VILLA EL SALVADOR,150142
15,LIMA,1501,LIMA,150143,VILLA MARIA DEL TRIUNFO,150143
15,LIMA,1502,BARRANCA,150201,BARRANCA,150201
15,LIMA,1502,BARRANCA,150202,PARAMONGA,150202
15,LIMA,1502,BARRANCA,150203,PATIVILCA,150203
15,LIMA,1502,BARRANCA,150204,SUPE,150204
15,LIMA,1502,BARRANCA,150205,SUPE PUERTO,150205
15,LIMA,1503,CAJATAMBO,150301,CAJATAMBO,150301
15,LIMA,1503,CAJATAMBO,150302,COPA,150302
15,LIMA,1503,CAJATAMBO,150303,GORGOR,150303
15,LIMA,1503,CAJATAMBO,150304,HUANCAPON,150304
15,LIMA,1503,CAJATAMBO,150305,MANAS,150305
15,LIMA,1504,CANTA,150401,CANTA,150401
15,LIMA,1504,CANTA,150402,ARAHUAY,150402
15,LIMA,1504,CANTA,150403,HUAMANTANGA,150403
15,LIMA,1504,CANTA,150404,HUAROS,150404
15,LIMA,1504,CANTA,150405,LACHAQUI,150405
15,LIMA,1504,CANTA,150406,SAN BUENAVENTURA,150406
15,LIMA,1504,CANTA,150407,SANTA ROSA DE QUIVES,150407
15,LIMA,1505,CAÑETE,150501,SAN VICENTE DE CAÑETE,150501
15,LIMA,1505,CAÑETE,150502,ASIA,150502
15,LIMA,1505,CAÑETE,150503,CALANGO,150503
15,LIMA,1505,CAÑETE,150504,CERRO AZUL,150504
15,LIMA,1505,CAÑETE,150505,CHILCA,150505
15,LIMA,1505,CAÑETE,150506,COAYLLO,150506
15,LIMA,1505,CAÑETE,150507,IMPERIAL,150507
15,LIMA,1505,CAÑETE,150508,LUNAHUANA,150508
15,LIMA,1505,CAÑETE,150509,MALA,150509
15,LIMA,1505,CAÑETE,150510,NUEVO IMPERIAL,150510
15,LIMA,1505,CAÑETE,150511,PACARAN,150511
15,LIMA,1505,CAÑETE,150512,QUILMANA,150512
15,LIMA,1505,CAÑETE,150513,SAN ANTONIO,150513
15,LIMA,1505,CAÑETE,150514,SAN LUIS,150514
15,LIMA,1505,CAÑETE,150515,SANTA CRUZ DE FLORES,150515
15,LIMA,1505,CAÑETE,150516,ZUÑIGA,150516
15,LIMA,1506,HUARAL,150601,HUARAL,150601
15,LIMA,1506,HUARAL,150602,ATAVILLOS ALTO,150602
15,LIMA,1506,HUARAL,150603,ATAVILLOS BAJO,150603
15,LIMA,1506,HUARAL,150604,AUCALLAMA,150604
15,LIMA,1506,HUARAL,150605,CHANCAY,150605
15,LIMA,1506,HUARAL,150606,IHUARI,150606
15,LIMA,1506,HUARAL,150607,LAMPIAN,150607
15,LIMA,1506,HUARAL,150608,PACARAOS,150608
15,LIMA,1506,HUARAL,150609,SAN MIGUEL DE ACOS,150609
15,LIMA,1506,HUARAL,150610,SANTA CRUZ DE ANDAMARCA,150610
15,LIMA,1506,HUARAL,150611,SUMBILCA,150611
15,LIMA,1506,HUARAL,150612,VEINTISIETE DE NOVIEMBRE,150612
15,LIMA,1507,HUAROCHIRI,150701,MATUCANA,150701
15,LIMA,1507,HUAROCHIRI,150702,ANTIOQUIA,150702
15,LIMA,1507,HUAROCHIRI,150703,CALLAHUANCA,150703
15,LIMA,1507,HUAROCHIRI,150704,CARAMPOMA,150704
15,LIMA,1507,HUAROCHIRI,150705,CHICLA,150705
15,LIMA,1507,HUAROCHIRI,150706,CUENCA,150706
15,LIMA,1507,HUAROCHIRI,150707,HUACHUPAMPA,150707
15,LIMA,1507,HUAROCHIRI,150708,HUANZA,150708
15,LIMA,1507,HUAROCHIRI,150709,HUAROCHIRI,150709
15,LIMA,1507,HUAROCHIRI,150710,LAHUAYTAMBO,150710
15,LIMA,1507,HUAROCHIRI,150711,LANGA,150711
15,LIMA,1507,HUAROCHIRI,150712,SAN PEDRO DE LARAOS,150712
15,LIMA,1507,HUAROCHIRI,150713,MARIATANA,150713
15,LIMA,1507,HUAROCHIRI,150714,RICARDO PALMA,150714
15,LIMA,1507,HUAROCHIRI,150715,SAN ANDRES DE TUPICOCHA,150715
15,LIMA,1507,HUAROCHIRI,150716,SAN ANTONIO,150716
15,LIMA,1507,HUAROCHIRI,150717,SAN BARTOLOME,150717
15,LIMA,1507,HUAROCHIRI,150718,SAN DAMIAN,150718
15,LIMA,1507,HUAROCHIRI,150719,SAN JUAN DE IRIS,150719
15,LIMA,1507,HUAROCHIRI,150720,SAN JUAN DE TANTARANCHE,150720
15,LIMA,1507,HUAROCHIRI,150721,SAN LORENZO DE QUINTI,150721
15,LIMA,1507,HUAROCHIRI,150722,SAN MATEO,150722
15,LIMA,1507,HUAROCHIRI,150723,SAN MATEO DE OTAO,150723
15,LIMA,1507,HUAROCHIRI,150724,SAN PEDRO DE CASTA,150724
15,LIMA,1507,HUAROCHIRI,150725,SAN PEDRO DE HUANCAYRE,150725
15,LIMA,1507,HUAROCHIRI,150726,SANGALLAYA,150726
15,LIMA,1507,HUAROCHIRI,150727,SANTA CRUZ DE COCACHACRA,150727
15,LIMA,1507,HUAROCHIRI,150728,SANTA EULALIA,150728
15,LIMA,1507,HUAROCHIRI,150729,SANTIAGO DE ANCHUCAYA,150729
15,LIMA,1507,HUAROCHIRI,150730,SANTIAGO DE TUNA,150730
15,LIMA,1507,HUAROCHIRI,150731,SANTO DOMINGO DE LOS OLLEROS,150731
15,LIMA,1507,HUAROCHIRI,150732,SURCO,150732
15,LIMA,1508,HUAURA,150801,HUACHO,150801
15,LIMA,1508,HUAURA,150802,AMBAR,150802
15,LIMA,1508,HUAURA,150803,CALETA DE CARQUIN,150803
15,LIMA,1508,HUAURA,150804,CHECRAS,150804
15,LIMA,1508,HUAURA,150805,HUALMAY,150805
15,LIMA,1508,HUAURA,150806,HUAURA,150806
15,LIMA,1508,HUAURA,150807,LEONCIO PRADO,150807
15,LIMA,1508,HUAURA,150808,PACCHO,150808
15,LIMA,1508,HUAURA,150809,SANTA LEONOR,150809
15,LIMA,1508,HUAURA,150810,SANTA MARIA,150810
15,LIMA,1508,HUAURA,150811,SAYAN,150811
15,LIMA,1508,HUAURA,150812,VEGUETA,150812
15,LIMA,1509,OYON,150901,OYON,150901
15,LIMA,1509,OYON,150902,ANDAJES,150902
15,LIMA,1509,OYON,150903,CAUJUL,150903
15,LIMA,1509,OYON,150904,COCHAMARCA,150904
15,LIMA,1509,OYON,150905,NAVAN,150905
15,LIMA,1509,OYON,150906,PACHANGARA,150906
15,LIMA,1510,YAUYOS,151001,YAUYOS,151001
15,LIMA,1510,YAUYOS,151002,ALIS,151002
15,LIMA,1510,YAUYOS,151003,ALLAUCA,151003
15,LIMA,1510,YAUYOS,151004,AYAVIRI,151004
15,LIMA,1510,YAUYOS,151005,AZANGARO,151005
15,LIMA,1510,YAUYOS,151006,CACRA,151006
15,LIMA,1510,YAUYOS,151007,CARANIA,151007
15,LIMA,1510,YAUYOS,151008,CATAHUASI,151008
15,LIMA,1510,YAUYOS,151009,CHOCOS,151009
15,LIMA,1510,YAUYOS,151010,COCHAS,151010
15,LIMA,1510,YAUYOS,151011,COLONIA,151011
15,LIMA,1510,YAUYOS,151012,HONGOS,151012
15,LIMA,1510,YAUYOS,151013,HUAMPARA,151013
15,LIMA,1510,YAUYOS,151014,HUANCAYA,151014
15,LIMA,1510,YAUYOS,151015,HUANGASCAR,151015
15,LIMA,1510,YAUYOS,151016,HUANTAN,151016
15,LIMA,1510,YAUYOS,151017,HUAÑEC,151017
15,LIMA,1510,YAUYOS,151018,LARAOS,151018
15,LIMA,1510,YAUYOS,151019,LINCHA,151019
15,LIMA,1510,YAUYOS,151020,MADEAN,151020
15,LIMA,1510,YAUYOS,151021,MIRAFLORES,151021
15,LIMA,1510,YAUYOS,151022,OMAS,151022
15,LIMA,1510,YAUYOS,151023,PUTINZA,151023
15,LIMA,1510,YAUYOS,151024,QUINCHES,151024
15,LIMA,1510,YAUYOS,151025,QUINOCAY,151025
15,LIMA,1510,YAUYOS,151026,SAN JOAQUIN,151026
15,LIMA,1510,YAUYOS,151027,SAN PEDRO DE PILAS,151027
15,LIMA,1510,YAUYOS,151028,TANTA,151028
15,LIMA,1510,YAUYOS,151029,TAURIPAMPA,151029
15,LIMA,1510,YAUYOS,151030,TOMAS,151030
15,LIMA,1510,YAUYOS,151031,TUPE,151031
15,LIMA,1510,YAUYOS,151032,VIÑAC,151032
15,LIMA,1510,YAUYOS,151033,VITIS,151033
16,LORETO,1601,MAYNAS,160101,IQUITOS,160101
16,LORETO,1601,MAYNAS,160102,ALTO NANAY,160102
16,LORETO,1601,MAYNAS,160103,FERNANDO LORES,160103
16,LORETO,1601,MAYNAS,160104,INDIANA,160104
16,LORETO,1601,MAYNAS,160105,LAS AMAZONAS,160105
16,LORETO,1601,MAYNAS,160106,MAZAN,160106
16,LORETO,1601,MAYNAS,160107,NAPO,160107
16,LORETO,1601,MAYNAS,160108,PUNCHANA,160108
16,LORETO,1601,MAYNAS,160110,TORRES CAUSANA,160110
16,LORETO,1601,MAYNAS,160112,BELEN,160112
16,LORETO,1601,MAYNAS,160113,SAN JUAN BAUTISTA,160113
16,LORETO,1602,ALTO AMAZONAS,160201,YURIMAGUAS,160201
16,LORETO,1602,ALTO AMAZONAS,160202,BALSAPUERTO,160202
16,LORETO,1602,ALTO AMAZONAS,160205,JEBEROS,160205
16,LORETO,1602,ALTO AMAZONAS,160206,LAGUNAS,160206
16,LORETO,1602,ALTO AMAZONAS,160210,SANTA CRUZ,160210
16,LORETO,1602,ALTO AMAZONAS,160211,TENIENTE CESAR LOPEZ ROJAS,160211
16,LORETO,1603,LORETO,160301,NAUTA,160301
16,LORETO,1603,LORETO,160302,PARINARI,160302
16,LORETO,1603,LORETO,160303,TIGRE,160303
16,LORETO,1603,LORETO,160304,TROMPETEROS,160304
16,LORETO,1603,LORETO,160305,URARINAS,160305
16,LORETO,1604,MARISCAL RAMON CASTILLA,160401,RAMON CASTILLA,160401
16,LORETO,1604,MARISCAL RAMON CASTILLA,160402,PEBAS,160402
16,LORETO,1604,MARISCAL RAMON CASTILLA,160403,YAVARI,160403
16,LORETO,1604,MARISCAL RAMON CASTILLA,160404,SAN PABLO,160404
16,LORETO,1605,REQUENA,160501,REQUENA,160501
16,LORETO,1605,REQUENA,160502,ALTO TAPICHE,160502
16,LORETO,1605,REQUENA,160503,CAPELO,160503
16,LORETO,1605,REQUENA,160504,EMILIO SAN MARTIN,160504
16,LORETO,1605,REQUENA,160505,MAQUIA,160505
16,LORETO,1605,REQUENA,160506,PUINAHUA,160506
16,LORETO,1605,REQUENA,160507,SAQUENA,160507
16,LORETO,1605,REQUENA,160508,SOPLIN,160508
16,LORETO,1605,REQUENA,160509,TAPICHE,160509
16,LORETO,1605,REQUENA,160510,JENARO HERRERA,160510
16,LORETO,1605,REQUENA,160511,YAQUERANA,160511
16,LORETO,1606,UCAYALI,160601,CONTAMANA,160601
16,LORETO,1606,UCAYALI,160602,INAHUAYA,160602
16,LORETO,1606,UCAYALI,160603,PADRE MARQUEZ,160603
16,LORETO,1606,UCAYALI,160604,PAMPA HERMOSA,160604
16,LORETO,1606,UCAYALI,160605,SARAYACU,160605
16,LORETO,1606,UCAYALI,160606,VARGAS GUERRA,160606
16,LORETO,1607,DATEM DEL MARAÑON,160701,BARRANCA,160701
16,LORETO,1607,DATEM DEL MARAÑON,160702,CAHUAPANAS,160702
16,LORETO,1607,DATEM DEL MARAÑON,160703,MANSERICHE,160703
16,LORETO,1607,DATEM DEL MARAÑON,160704,MORONA,160704
16,LORETO,1607,DATEM DEL MARAÑON,160705,PASTAZA,160705
16,LORETO,1607,DATEM DEL MARAÑON,160706,ANDOAS,160706
16,LORETO,1608,PUTUMAYO,160801,PUTUMAYO,160801
16,LORETO,1608,PUTUMAYO,160802,ROSA PANDURO,160802
16,LORETO,1608,PUTUMAYO,160803,TENIENTE MANUEL CLAVERO,160803
16,LORETO,1608,PUTUMAYO,160804,YAGUAS,160804
17,MADRE DE DIOS,1701,TAMBOPATA,170101,TAMBOPATA,170101
17,MADRE DE DIOS,1701,TAMBOPATA,170102,INAMBARI,170102
17,MADRE DE DIOS,1701,TAMBOPATA,170103,LAS PIEDRAS,170103
17,MADRE DE DIOS,1701,TAMBOPATA,170104,LABERINTO,170104
17,MADRE DE DIOS,1702,MANU,170201,MANU,170201
17,MADRE DE DIOS,1702,MANU,170202,FITZCARRALD,170202
17,MADRE DE DIOS,1702,MANU,170203,MADRE DE DIOS,170203
17,MADRE DE DIOS,1702,MANU,170204,HUEPETUHE,170204
17,MADRE DE DIOS,1703,TAHUAMANU,170301,IÑAPARI,170301
17,MADRE DE DIOS,1703,TAHUAMANU,170302,IBERIA,170302
17,MADRE DE DIOS,1703,TAHUAMANU,170303,TAHUAMANU,170303
18,MOQUEGUA,1801,MARISCAL NIETO,180101,MOQUEGUA,180101
18,MOQUEGUA,1801,MARISCAL NIETO,180102,CARUMAS,180102
18,MOQUEGUA,1801,MARISCAL NIETO,180103,CUCHUMBAYA,180103
18,MOQUEGUA,1801,MARISCAL NIETO,180104,SAMEGUA,180104
18,MOQUEGUA,1801,MARISCAL NIETO,180105,SAN CRISTOBAL,180105
18,MOQUEGUA,1801,MARISCAL NIETO,180106,TORATA,180106
18,MOQUEGUA,1801,MARISCAL NIETO,180107,SAN ANTONIO,180107
18,MOQUEGUA,1802,GENERAL SANCHEZ CERRO,180201,OMATE,180201
18,MOQUEGUA,1802,GENERAL SANCHEZ CERRO,180202,CHOJATA,180202
18,MOQUEGUA,1802,GENERAL SANCHEZ CERRO,180203,COALAQUE,180203
18,MOQUEGUA,1802,GENERAL SANCHEZ CERRO,180204,ICHUÑA,180204
18,MOQUEGUA,1802,GENERAL SANCHEZ CERRO,180205,LA CAPILLA,180205
18,MOQUEGUA,1802,GENERAL SANCHEZ CERRO,180206,LLOQUE,180206
18,MOQUEGUA,1802,GENERAL SANCHEZ CERRO,180207,MATALAQUE,180207
18,MOQUEGUA,1802,GENERAL SANCHEZ CERRO,180208,PUQUINA,180208
18,MOQUEGUA,1802,GENERAL SANCHEZ CERRO,180209,QUINISTAQUILLAS,180209
18,MOQUEGUA,1802,GENERAL SANCHEZ CERRO,180210,UBINAS,180210
18,MOQUEGUA,1802,GENERAL SANCHEZ CERRO,180211,YUNGA,180211
18,MOQUEGUA,1803,ILO,180301,ILO,180301
18,MOQUEGUA,1803,ILO,180302,EL ALGARROBAL,180302
18,MOQUEGUA,1803,ILO,180303,PACOCHA,180303
19,PASCO,1901,PASCO,190101,CHAUPIMARCA,190101
19,PASCO,1901,PASCO,190102,HUACHON,190102
19,PASCO,1901,PASCO,190103,HUARIACA,190103
19,PASCO,1901,PASCO,190104,HUAYLLAY,190104
19,PASCO,1901,PASCO,190105,NINACACA,190105
19,PASCO,1901,PASCO,190106,PALLANCHACRA,190106
19,PASCO,1901,PASCO,190107,PAUCARTAMBO,190107
19,PASCO,1901,PASCO,190108,SAN FRANCISCO DE ASIS DE YARUSYACAN,190108
19,PASCO,1901,PASCO,190109,SIMON BOLIVAR,190109
19,PASCO,1901,PASCO,190110,TICLACAYAN,190110
19,PASCO,1901,PASCO,190111,TINYAHUARCO,190111
19,PASCO,1901,PASCO,190112,VICCO,190112
19,PASCO,1901,PASCO,190113,YANACANCHA,190113
19,PASCO,1902,DANIEL ALCIDES CARRION,190201,YANAHUANCA,190201
19,PASCO,1902,DANIEL ALCIDES CARRION,190202,CHACAYAN,190202
19,PASCO,1902,DANIEL ALCIDES CARRION,190203,GOYLLARISQUIZGA,190203
19,PASCO,1902,DANIEL ALCIDES CARRION,190204,PAUCAR,190204
19,PASCO,1902,DANIEL ALCIDES CARRION,190205,SAN PEDRO DE PILLAO,190205
19,PASCO,1902,DANIEL ALCIDES CARRION,190206,SANTA ANA DE TUSI,190206
19,PASCO,1902,DANIEL ALCIDES CARRION,190207,TAPUC,190207
19,PASCO,1902,DANIEL ALCIDES CARRION,190208,VILCABAMBA,190208
19,PASCO,1903,OXAPAMPA,190301,OXAPAMPA,190301
19,PASCO,1903,OXAPAMPA,190302,CHONTABAMBA,190302
19,PASCO,1903,OXAPAMPA,190303,HUANCABAMBA,190303
19,PASCO,1903,OXAPAMPA,190304,PALCAZU,190304
19,PASCO,1903,OXAPAMPA,190305,POZUZO,190305
19,PASCO,1903,OXAPAMPA,190306,PUERTO BERMUDEZ,190306
19,PASCO,1903,OXAPAMPA,190307,VILLA RICA,190307
19,PASCO,1903,OXAPAMPA,190308,CONSTITUCION,190308
20,PIURA,2001,PIURA,200101,PIURA,200101
20,PIURA,2001,PIURA,200104,CASTILLA,200104
20,PIURA,2001,PIURA,200105,CATACAOS,200105
20,PIURA,2001,PIURA,200107,CURA MORI,200107
20,PIURA,2001,PIURA,200108,EL TALLAN,200108
20,PIURA,2001,PIURA,200109,LA ARENA,200109
20,PIURA,2001,PIURA,200110,LA UNION,200110
20,PIURA,2001,PIURA,200111,LAS LOMAS,200111
20,PIURA,2001,PIURA,200114,TAMBO GRANDE,200114
20,PIURA,2001,PIURA,200115,VEINTISEIS DE OCTUBRE,200115
20,PIURA,2002,AYABACA,200201,AYABACA,200201
20,PIURA,2002,AYABACA,200202,FRIAS,200202
20,PIURA,2002,AYABACA,200203,JILILI,200203
20,PIURA,2002,AYABACA,200204,LAGUNAS,200204
20,PIURA,2002,AYABACA,200205,MONTERO,200205
20,PIURA,2002,AYABACA,200206,PACAIPAMPA,200206
20,PIURA,2002,AYABACA,200207,PAIMAS,200207
20,PIURA,2002,AYABACA,200208,SAPILLICA,200208
20,PIURA,2002,AYABACA,200209,SICCHEZ,200209
20,PIURA,2002,AYABACA,200210,SUYO,200210
20,PIURA,2003,HUANCABAMBA,200301,HUANCABAMBA,200301
20,PIURA,2003,HUANCABAMBA,200302,CANCHAQUE,200302
20,PIURA,2003,HUANCABAMBA,200303,EL CARMEN DE LA FRONTERA,200303
20,PIURA,2003,HUANCABAMBA,200304,HUARMACA,200304
20,PIURA,2003,HUANCABAMBA,200305,LALAQUIZ,200305
20,PIURA,2003,HUANCABAMBA,200306,SAN MIGUEL DE EL FAIQUE,200306
20,PIURA,2003,HUANCABAMBA,200307,SONDOR,200307
20,PIURA,2003,HUANCABAMBA,200308,SONDORILLO,200308
20,PIURA,2004,MORROPON,200401,CHULUCANAS,200401
20,PIURA,2004,MORROPON,200402,BUENOS AIRES,200402
20,PIURA,2004,MORROPON,200403,CHALACO,200403
20,PIURA,2004,MORROPON,200404,LA MATANZA,200404
20,PIURA,2004,MORROPON,200405,MORROPON,200405
20,PIURA,2004,MORROPON,200406,SALITRAL,200406
20,PIURA,2004,MORROPON,200407,SAN JUAN DE BIGOTE,200407
20,PIURA,2004,MORROPON,200408,SANTA CATALINA DE MOSSA,200408
20,PIURA,2004,MORROPON,200409,SANTO DOMINGO,200409
20,PIURA,2004,MORROPON,200410,YAMANGO,200410
20,PIURA,2005,PAITA,200501,PAITA,200501
20,PIURA,2005,PAITA,200502,AMOTAPE,200502
20,PIURA,2005,PAITA,200503,ARENAL,200503
20,PIURA,2005,PAITA,200504,COLAN,200504
20,PIURA,2005,PAITA,200505,LA HUACA,200505
20,PIURA,2005,PAITA,200506,TAMARINDO,200506
20,PIURA,2005,PAITA,200507,VICHAYAL,200507
20,PIURA,2006,SULLANA,200601,SULLANA,200601
20,PIURA,2006,SULLANA,200602,BELLAVISTA,200602
20,PIURA,2006,SULLANA,200603,IGNACIO ESCUDERO,200603
20,PIURA,2006,SULLANA,200604,LANCONES,200604
20,PIURA,2006,SULLANA,200605,MARCAVELICA,200605
20,PIURA,2006,SULLANA,200606,MIGUEL CHECA,200606
20,PIURA,2006,SULLANA,200607,QUERECOTILLO,200607
20,PIURA,2006,SULLANA,200608,SALITRAL,200608
20,PIURA,2007,TALARA,200701,PARIÑAS,200701
20,PIURA,2007,TALARA,200702,EL ALTO,200702
20,PIURA,2007,TALARA,200703,LA BREA,200703
20,PIURA,2007,TALARA,200704,LOBITOS,200704
20,PIURA,2007,TALARA,200705,LOS ORGANOS,200705
20,PIURA,2007,TALARA,200706,MANCORA,200706
20,PIURA,2008,SECHURA,200801,SECHURA,200801
20,PIURA,2008,SECHURA,200802,BELLAVISTA DE LA UNION,200802
20,PIURA,2008,SECHURA,200803,BERNAL,200803
20,PIURA,2008,SECHURA,200804,CRISTO NOS VALGA,200804
20,PIURA,2008,SECHURA,200805,VICE,200805
20,PIURA,2008,SECHURA,200806,RINCONADA LLICUAR,200806
21,PUNO,2101,PUNO,210101,PUNO,210101
21,PUNO,2101,PUNO,210102,ACORA,210102
21,PUNO,2101,PUNO,210103,AMANTANI,210103
21,PUNO,2101,PUNO,210104,ATUNCOLLA,210104
21,PUNO,2101,PUNO,210105,CAPACHICA,210105
21,PUNO,2101,PUNO,210106,CHUCUITO,210106
21,PUNO,2101,PUNO,210107,COATA,210107
21,PUNO,2101,PUNO,210108,HUATA,210108
21,PUNO,2101,PUNO,210109,MAÑAZO,210109
21,PUNO,2101,PUNO,210110,PAUCARCOLLA,210110
21,PUNO,2101,PUNO,210111,PICHACANI,210111
21,PUNO,2101,PUNO,210112,PLATERIA,210112
21,PUNO,2101,PUNO,210113,SAN ANTONIO,210113
21,PUNO,2101,PUNO,210114,TIQUILLACA,210114
21,PUNO,2101,PUNO,210115,VILQUE,210115
21,PUNO,2102,AZANGARO,210201,AZANGARO,210201
21,PUNO,2102,AZANGARO,210202,ACHAYA,210202
21,PUNO,2102,AZANGARO,210203,ARAPA,210203
21,PUNO,2102,AZANGARO,210204,ASILLO,210204
21,PUNO,2102,AZANGARO,210205,CAMINACA,210205
21,PUNO,2102,AZANGARO,210206,CHUPA,210206
21,PUNO,2102,AZANGARO,210207,JOSE DOMINGO CHOQUEHUANCA,210207
21,PUNO,2102,AZANGARO,210208,MUÑANI,210208
21,PUNO,2102,AZANGARO,210209,POTONI,210209
21,PUNO,2102,AZANGARO,210210,SAMAN,210210
21,PUNO,2102,AZANGARO,210211,SAN ANTON,210211
21,PUNO,2102,AZANGARO,210212,SAN JOSE,210212
21,PUNO,2102,AZANGARO,210213,SAN JUAN DE SALINAS,210213
21,PUNO,2102,AZANGARO,210214,SANTIAGO DE PUPUJA,210214
21,PUNO,2102,AZANGARO,210215,TIRAPATA,210215
21,PUNO,2103,CARABAYA,210301,MACUSANI,210301
21,PUNO,2103,CARABAYA,210302,AJOYANI,210302
21,PUNO,2103,CARABAYA,210303,AYAPATA,210303
21,PUNO,2103,CARABAYA,210304,COASA,210304
21,PUNO,2103,CARABAYA,210305,CORANI,210305
21,PUNO,2103,CARABAYA,210306,CRUCERO,210306
21,PUNO,2103,CARABAYA,210307,ITUATA,210307
21,PUNO,2103,CARABAYA,210308,OLLACHEA,210308
21,PUNO,2103,CARABAYA,210309,SAN GABAN,210309
21,PUNO,2103,CARABAYA,210310,USICAYOS,210310
21,PUNO,2104,CHUCUITO,210401,JULI,210401
21,PUNO,2104,CHUCUITO,210402,DESAGUADERO,210402
21,PUNO,2104,CHUCUITO,210403,HUACULLANI,210403
21,PUNO,2104,CHUCUITO,210404,KELLUYO,210404
21,PUNO,2104,CHUCUITO,210405,PISACOMA,210405
21,PUNO,2104,CHUCUITO,210406,POMATA,210406
21,PUNO,2104,CHUCUITO,210407,ZEPITA,210407
21,PUNO,2105,EL COLLAO,210501,ILAVE,210501
21,PUNO,2105,EL COLLAO,210502,CAPAZO,210502
21,PUNO,2105,EL COLLAO,210503,PILCUYO,210503
21,PUNO,2105,EL COLLAO,210504,SANTA ROSA,210504
21,PUNO,2105,EL COLLAO,210505,CONDURIRI,210505
21,PUNO,2106,HUANCANE,210601,HUANCANE,210601
21,PUNO,2106,HUANCANE,210602,COJATA,210602
21,PUNO,2106,HUANCANE,210603,HUATASANI,210603
21,PUNO,2106,HUANCANE,210604,INCHUPALLA,210604
21,PUNO,2106,HUANCANE,210605,PUSI,210605
21,PUNO,2106,HUANCANE,210606,ROSASPATA,210606
21,PUNO,2106,HUANCANE,210607,TARACO,210607
21,PUNO,2106,HUANCANE,210608,VILQUE CHICO,210608
21,PUNO,2107,LAMPA,210701,LAMPA,210701
21,PUNO,2107,LAMPA,210702,CABANILLA,210702
21,PUNO,2107,LAMPA,210703,CALAPUJA,210703
21,PUNO,2107,LAMPA,210704,NICASIO,210704
21,PUNO,2107,LAMPA,210705,OCUVIRI,210705
21,PUNO,2107,LAMPA,210706,PALCA,210706
21,PUNO,2107,LAMPA,210707,PARATIA,210707
21,PUNO,2107,LAMPA,210708,PUCARA,210708
21,PUNO,2107,LAMPA,210709,SANTA LUCIA,210709
21,PUNO,2107,LAMPA,210710,VILAVILA,210710
21,PUNO,2108,MELGAR,210801,AYAVIRI,210801
21,PUNO,2108,MELGAR,210802,ANTAUTA,210802
21,PUNO,2108,MELGAR,210803,CUPI,210803
21,PUNO,2108,MELGAR,210804,LLALLI,210804
21,PUNO,2108,MELGAR,210805,MACARI,210805
21,PUNO,2108,MELGAR,210806,NUÑOA,210806
21,PUNO,2108,MELGAR,210807,ORURILLO,210807
21,PUNO,2108,MELGAR,210808,SANTA ROSA,210808
21,PUNO,2108,MELGAR,210809,UMACHIRI,210809
21,PUNO,2109,MOHO,210901,MOHO,210901
21,PUNO,2109,MOHO,210902,CONIMA,210902
21,PUNO,2109,MOHO,210903,HUAYRAPATA,210903
21,PUNO,2109,MOHO,210904,TILALI,210904
21,PUNO,2110,SAN ANTONIO DE PUTINA,211001,PUTINA,211001
21,PUNO,2110,SAN ANTONIO DE PUTINA,211002,ANANEA,211002
21,PUNO,2110,SAN ANTONIO DE PUTINA,211003,PEDRO VILCA APAZA,211003
21,PUNO,2110,SAN ANTONIO DE PUTINA,211004,QUILCAPUNCU,211004
21,PUNO,2110,SAN ANTONIO DE PUTINA,211005,SINA,211005
21,PUNO,2111,SAN ROMAN,211101,JULIACA,211101
21,PUNO,2111,SAN ROMAN,211102,CABANA,211102
21,PUNO,2111,SAN ROMAN,211103,CABANILLAS,211103
21,PUNO,2111,SAN ROMAN,211104,CARACOTO,211104
21,PUNO,2111,SAN ROMAN,211105,SAN MIGUEL,211105
21,PUNO,2112,SANDIA,211201,SANDIA,211201
21,PUNO,2112,SANDIA,211202,CUYOCUYO,211202
21,PUNO,2112,SANDIA,211203,LIMBANI,211203
21,PUNO,2112,SANDIA,211204,PATAMBUCO,211204
21,PUNO,2112,SANDIA,211205,PHARA,211205
21,PUNO,2112,SANDIA,211206,QUIACA,211206
21,PUNO,2112,SANDIA,211207,SAN JUAN DEL ORO,211207
21,PUNO,2112,SANDIA,211208,YANAHUAYA,211208
21,PUNO,2112,SANDIA,211209,ALTO INAMBARI,211209
21,PUNO,2112,SANDIA,211210,SAN PEDRO DE PUTINA PUNCO,211210
21,PUNO,2113,YUNGUYO,211301,YUNGUYO,211301
21,PUNO,2113,YUNGUYO,211302,ANAPIA,211302
21,PUNO,2113,YUNGUYO,211303,COPANI,211303
21,PUNO,2113,YUNGUYO,211304,CUTURAPI,211304
21,PUNO,2113,YUNGUYO,211305,OLLARAYA,211305
21,PUNO,2113,YUNGUYO,211306,TINICACHI,211306
21,PUNO,2113,YUNGUYO,211307,UNICACHI,211307
22,SAN MARTIN,2201,MOYOBAMBA,220101,MOYOBAMBA,220101
22,SAN MARTIN,2201,MOYOBAMBA,220102,CALZADA,220102
22,SAN MARTIN,2201,MOYOBAMBA,220103,HABANA,220103
22,SAN MARTIN,2201,MOYOBAMBA,220104,JEPELACIO,220104
22,SAN MARTIN,2201,MOYOBAMBA,220105,SORITOR,220105
22,SAN MARTIN,2201,MOYOBAMBA,220106,YANTALO,220106
22,SAN MARTIN,2202,BELLAVISTA,220201,BELLAVISTA,220201
22,SAN MARTIN,2202,BELLAVISTA,220202,ALTO BIAVO,220202
22,SAN MARTIN,2202,BELLAVISTA,220203,BAJO BIAVO,220203
22,SAN MARTIN,2202,BELLAVISTA,220204,HUALLAGA,220204
22,SAN MARTIN,2202,BELLAVISTA,220205,SAN PABLO,220205
22,SAN MARTIN,2202,BELLAVISTA,220206,SAN RAFAEL,220206
22,SAN MARTIN,2203,EL DORADO,220301,SAN JOSE DE SISA,220301
22,SAN MARTIN,2203,EL DORADO,220302,AGUA BLANCA,220302
22,SAN MARTIN,2203,EL DORADO,220303,SAN MARTIN,220303
22,SAN MARTIN,2203,EL DORADO,220304,SANTA ROSA,220304
22,SAN MARTIN,2203,EL DORADO,220305,SHATOJA,220305
22,SAN MARTIN,2204,HUALLAGA,220401,SAPOSOA,220401
22,SAN MARTIN,2204,HUALLAGA,220402,ALTO SAPOSOA,220402
22,SAN MARTIN,2204,HUALLAGA,220403,EL ESLABON,220403
22,SAN MARTIN,2204,HUALLAGA,220404,PISCOYACU,220404
22,SAN MARTIN,2204,HUALLAGA,220405,SACANCHE,220405
22,SAN MARTIN,2204,HUALLAGA,220406,TINGO DE SAPOSOA,220406
22,SAN MARTIN,2205,LAMAS,220501,LAMAS,220501
22,SAN MARTIN,2205,LAMAS,220502,ALONSO DE ALVARADO,220502
22,SAN MARTIN,2205,LAMAS,220503,BARRANQUITA,220503
22,SAN MARTIN,2205,LAMAS,220504,CAYNARACHI,220504
22,SAN MARTIN,2205,LAMAS,220505,CUÑUMBUQUI,220505
22,SAN MARTIN,2205,LAMAS,220506,PINTO RECODO,220506
22,SAN MARTIN,2205,LAMAS,220507,RUMISAPA,220507
22,SAN MARTIN,2205,LAMAS,220508,SAN ROQUE DE CUMBAZA,220508
22,SAN MARTIN,2205,LAMAS,220509,SHANAO,220509
22,SAN MARTIN,2205,LAMAS,220510,TABALOSOS,220510
22,SAN MARTIN,2205,LAMAS,220511,ZAPATERO,220511
22,SAN MARTIN,2206,MARISCAL CACERES,220601,JUANJUI,220601
22,SAN MARTIN,2206,MARISCAL CACERES,220602,CAMPANILLA,220602
22,SAN MARTIN,2206,MARISCAL CACERES,220603,HUICUNGO,220603
22,SAN MARTIN,2206,MARISCAL CACERES,220604,PACHIZA,220604
22,SAN MARTIN,2206,MARISCAL CACERES,220605,PAJARILLO,220605
22,SAN MARTIN,2207,PICOTA,220701,PICOTA,220701
22,SAN MARTIN,2207,PICOTA,220702,BUENOS AIRES,220702
22,SAN MARTIN,2207,PICOTA,220703,CASPISAPA,220703
22,SAN MARTIN,2207,PICOTA,220704,PILLUANA,220704
22,SAN MARTIN,2207,PICOTA,220705,PUCACACA,220705
22,SAN MARTIN,2207,PICOTA,220706,SAN CRISTOBAL,220706
22,SAN MARTIN,2207,PICOTA,220707,SAN HILARION,220707
22,SAN MARTIN,2207,PICOTA,220708,SHAMBOYACU,220708
22,SAN MARTIN,2207,PICOTA,220709,TINGO DE PONASA,220709
22,SAN MARTIN,2207,PICOTA,220710,TRES UNIDOS,220710
22,SAN MARTIN,2208,RIOJA,220801,RIOJA,220801
22,SAN MARTIN,2208,RIOJA,220802,AWAJUN,220802
22,SAN MARTIN,2208,RIOJA,220803,ELIAS SOPLIN VARGAS,220803
22,SAN MARTIN,2208,RIOJA,220804,NUEVA CAJAMARCA,220804
22,SAN MARTIN,2208,RIOJA,220805,PARDO MIGUEL,220805
22,SAN MARTIN,2208,RIOJA,220806,POSIC,220806
22,SAN MARTIN,2208,RIOJA,220807,SAN FERNANDO,220807
22,SAN MARTIN,2208,RIOJA,220808,YORONGOS,220808
22,SAN MARTIN,2208,RIOJA,220809,YURACYACU,220809
22,SAN MARTIN,2209,SAN MARTIN,220901,TARAPOTO,220901
22,SAN MARTIN,2209,SAN MARTIN,220902,ALBERTO LEVEAU,220902
22,SAN MARTIN,2209,SAN MARTIN,220903,CACATACHI,220903
22,SAN MARTIN,2209,SAN MARTIN,220904,CHAZUTA,220904
22,SAN MARTIN,2209,SAN MARTIN,220905,CHIPURANA,220905
22,SAN MARTIN,2209,SAN MARTIN,220906,EL PORVENIR,220906
22,SAN MARTIN,2209,SAN MARTIN,220907,HUIMBAYOC,220907
22,SAN MARTIN,2209,SAN MARTIN,220908,JUAN GUERRA,220908
22,SAN MARTIN,2209,SAN MARTIN,220909,LA BANDA DE SHILCAYO,220909
22,SAN MARTIN,2209,SAN MARTIN,220910,MORALES,220910
22,SAN MARTIN,2209,SAN MARTIN,220911,PAPAPLAYA,220911
22,SAN MARTIN,2209,SAN MARTIN,220912,SAN ANTONIO,220912
22,SAN MARTIN,2209,SAN MARTIN,220913,SAUCE,220913
22,SAN MARTIN,2209,SAN MARTIN,220914,SHAPAJA,220914
22,SAN MARTIN,2210,TOCACHE,221001,TOCACHE,221001
22,SAN MARTIN,2210,TOCACHE,221002,NUEVO PROGRESO,221002
22,SAN MARTIN,2210,TOCACHE,221003,POLVORA,221003
22,SAN MARTIN,2210,TOCACHE,221004,SHUNTE,221004
22,SAN MARTIN,2210,TOCACHE,221005,UCHIZA,221005
22,SAN MARTIN,2210,TOCACHE,221006,SANTA LUCIA,221006
23,TACNA,2301,TACNA,230101,TACNA,230101
23,TACNA,2301,TACNA,230102,ALTO DE LA ALIANZA,230102
23,TACNA,2301,TACNA,230103,CALANA,230103
23,TACNA,2301,TACNA,230104,CIUDAD NUEVA,230104
23,TACNA,2301,TACNA,230105,INCLAN,230105
23,TACNA,2301,TACNA,230106,PACHIA,230106
23,TACNA,2301,TACNA,230107,PALCA,230107
23,TACNA,2301,TACNA,230108,POCOLLAY,230108
23,TACNA,2301,TACNA,230109,SAMA,230109
23,TACNA,2301,TACNA,230110,CORONEL GREGORIO ALBARRACIN LANCHIPA,230110
23,TACNA,2301,TACNA,230111,LA YARADA LOS PALOS,230111
23,TACNA,2302,CANDARAVE,230201,CANDARAVE,230201
23,TACNA,2302,CANDARAVE,230202,CAIRANI,230202
23,TACNA,2302,CANDARAVE,230203,CAMILACA,230203
23,TACNA,2302,CANDARAVE,230204,CURIBAYA,230204
23,TACNA,2302,CANDARAVE,230205,HUANUARA,230205
23,TACNA,2302,CANDARAVE,230206,QUILAHUANI,230206
23,TACNA,2303,JORGE BASADRE,230301,LOCUMBA,230301
23,TACNA,2303,JORGE BASADRE,230302,ILABAYA,230302
23,TACNA,2303,JORGE BASADRE,230303,ITE,230303
23,TACNA,2304,TARATA,230401,TARATA,230401
23,TACNA,2304,TARATA,230402,HEROES ALBARRACIN,230402
23,TACNA,2304,TARATA,230403,ESTIQUE,230403
23,TACNA,2304,TARATA,230404,ESTIQUE-PAMPA,230404
23,TACNA,2304,TARATA,230405,SITAJARA,230405
23,TACNA,2304,TARATA,230406,SUSAPAYA,230406
23,TACNA,2304,TARATA,230407,TARUCACHI,230407
23,TACNA,2304,TARATA,230408,TICACO,230408
24,TUMBES,2401,TUMBES,240101,TUMBES,240101
24,TUMBES,2401,TUMBES,240102,CORRALES,240102
24,TUMBES,2401,TUMBES,240103,LA CRUZ,240103
24,TUMBES,2401,TUMBES,240104,PAMPAS DE HOSPITAL,240104
24,TUMBES,2401,TUMBES,240105,SAN JACINTO,240105
24,TUMBES,2401,TUMBES,240106,SAN JUAN DE LA VIRGEN,240106
24,TUMBES,2402,CONTRALMIRANTE VILLAR,240201,ZORRITOS,240201
24,TUMBES,2402,CONTRALMIRANTE VILLAR,240202,CASITAS,240202
24,TUMBES,2402,CONTRALMIRANTE VILLAR,240203,CANOAS DE PUNTA SAL,240203
24,TUMBES,2403,ZARUMILLA,240301,ZARUMILLA,240301
24,TUMBES,2403,ZARUMILLA,240302,AGUAS VERDES,240302
24,TUMBES,2403,ZARUMILLA,240303,MATAPALO,240303
24,TUMBES,2403,ZARUMILLA,240304,PAPAYAL,240304
25,UCAYALI,2501,CORONEL PORTILLO,250101,CALLERIA,250101
25,UCAYALI,2501,CORONEL PORTILLO,250102,CAMPOVERDE,250102
25,UCAYALI,2501,CORONEL PORTILLO,250103,IPARIA,250103
25,UCAYALI,2501,CORONEL PORTILLO,250104,MASISEA,250104
25,UCAYALI,2501,CORONEL PORTILLO,250105,YARINACOCHA,250105
25,UCAYALI,2501,CORONEL PORTILLO,250106,NUEVA REQUENA,250106
25,UCAYALI,2501,CORONEL PORTILLO,250107,MANANTAY,250107
25,UCAYALI,2502,ATALAYA,250201,RAIMONDI,250201
25,UCAYALI,2502,ATALAYA,250202,SEPAHUA,250202
25,UCAYALI,2502,ATALAYA,250203,TAHUANIA,250203
25,UCAYALI,2502,ATALAYA,250204,YURUA,250204
25,UCAYALI,2503,PADRE ABAD,250301,PADRE ABAD,250301
25,UCAYALI,2503,PADRE ABAD,250302,IRAZOLA,250302
25,UCAYALI,2503,PADRE ABAD,250303,CURIMANA,250303
25,UCAYALI,2503,PADRE ABAD,250304,NESHUYA,250304
25,UCAYALI,2503,PADRE ABAD,250305,ALEXANDER VON HUMBOLDT,250305
25,UCAYALI,2503,PADRE ABAD,250306,HUIPOCA,250306
25,UCAYALI,2503,PADRE ABAD,250307,BOQUERON,250307
25,UCAYALI,2504,PURUS,250401,PURUS,250401
